customer_id,signup_date,region,age,tenure_months,contract,internet_service,monthly_charges,total_charges,support_calls,churned
C100000,2025-12-02,North,65.0,7,One year,Fiber optic,53.99,368.94,2,No
C100001,2021-11-23,East,65.0,56,Two year,DSL,63.26,3455.28,2,No
C100002,2022-07-21,South,33.0,48,Month-to-month,DSL,44.14,2003.15,4,Yes
C100003,2023-11-13,East,18.0,32,Month-to-month,DSL,30.0,922.26,1,Yes
C100004,2023-11-13,South,33.0,32,Two year,Fiber optic,69.61,2087.95,3,No
C100005,2021-05-27,North,34.0,62,Month-to-month,Fiber optic,66.69,3970.37,2,No
C100006,2025-12-02,East,64.0,7,One year,Fiber optic,59.61,400.92,0,Yes
C100007,2022-04-22,North,50.0,51,Month-to-month,Fiber optic,52.76,2540.36,1,Yes
C100008,2025-04-06,West,44.0,15,Month-to-month,DSL,32.23,454.81,0,Yes
C100009,2025-12-02,North,47.0,7,One year,Fiber optic,78.04,545.39,0,Yes
C100010,2023-05-17,West,77.0,38,Month-to-month,DSL,47.97,1755.36,1,Yes
C100011,2020-08-30,South,76.0,71,Month-to-month,DSL,50.74,3476.33,2,No
C100012,2022-02-21,West,19.0,53,One year,None,22.94,1119.31,0,Yes
C100013,2021-12-23,North,70.0,55,One year,Fiber optic,68.93,3543.01,0,No
C100014,2022-03-23,South,40.0,52,Two year,Fiber optic,59.38,2928.83,1,Yes
C100015,2021-10-24,South,64.0,57,Month-to-month,Fiber optic,62.53,3554.51,2,No
C100016,2023-06-16,North,79.0,37,Month-to-month,Fiber optic,78.98,2729.45,1,Yes
C100017,2025-09-03,South,49.0,10,Two year,Fiber optic,81.98,,2,Yes
C100018,2021-06-26,North,56.0,61,Month-to-month,DSL,30.33,1848.67,3,No
C100019,2023-10-14,South,44.0,33,Month-to-month,Fiber optic,62.5,1976.88,1,Yes
C100020,2023-06-16,South,22.0,37,Month-to-month,Fiber optic,75.07,2626.14,0,No
C100021,2024-04-11,North,20.0,27,Month-to-month,Fiber optic,87.58,2295.49,0,No
C100022,2025-05-06,West,40.0,14,Two year,DSL,66.38,891.87,2,No
C100023,2020-12-28,East,68.0,67,One year,None,10.45,697.77,0,No
C100024,2021-10-24,West,39.0,57,One year,DSL,60.3,3185.01,2,No
C100025,2022-08-20,West,44.0,47,Month-to-month,DSL,45.7,2111.91,4,Yes
C100026,2024-02-11,South,50.0,29,Month-to-month,DSL,57.53,1572.15,0,No
C100027,2021-07-26,South,37.0,60,Month-to-month,DSL,54.46,3217.06,1,No
C100028,2023-03-18,West,48.0,40,Month-to-month,Fiber optic,50.0,1975.64,1,No
C100029,2023-11-13,South,55.0,32,Month-to-month,DSL,51.6,1631.28,5,Yes
C100030,2023-10-14,North,70.0,33,Month-to-month,DSL,57.07,1863.23,1,No
C100031,2025-02-05,East,64.0,17,Month-to-month,Fiber optic,64.76,1076.09,2,Yes
C100032,2025-12-02,West,68.0,7,One year,DSL,42.04,274.09,0,Yes
C100033,2023-03-18,North,50.0,40,One year,DSL,30.0,1108.98,1,No
C100034,2021-03-28,East,61.0,64,Month-to-month,DSL,53.2,3225.24,1,No
C100035,2026-01-31,South,27.0,5,Month-to-month,Fiber optic,67.5,323.87,2,Yes
C100036,2021-05-27,South,27.0,62,One year,DSL,33.93,1986.3,0,No
C100037,2021-07-26,South,75.0,60,One year,None,16.09,945.49,3,No
C100038,2024-11-07,North,55.0,20,Two year,Fiber optic,66.85,1307.31,5,Yes
C100039,2022-09-19,South,24.0,46,Month-to-month,Fiber optic,58.3,2675.78,2,No
C100040,2025-07-05,South,43.0,12,Two year,Fiber optic,65.03,742.94,6,No
C100041,2021-12-23,West,78.0,55,Month-to-month,Fiber optic,50.0,2702.86,0,No
C100042,2022-04-22,North,19.0,51,Month-to-month,None,36.19,1807.48,2,No
C100043,2024-05-11,West,45.0,26,Month-to-month,DSL,45.19,1173.88,2,Yes
C100044,2026-01-31,North,69.0,5,Month-to-month,Fiber optic,51.81,254.36,2,Yes
C100045,2020-09-29,South,76.0,70,Month-to-month,Fiber optic,50.0,3299.4,3,No
C100046,2023-10-14,South,40.0,33,Month-to-month,None,32.35,983.45,1,Yes
C100047,2021-02-26,South,74.0,65,One year,Fiber optic,71.7,4648.63,0,No
C100048,2022-06-21,West,62.0,49,Month-to-month,DSL,47.53,2276.07,1,No
C100049,2021-10-24,West,43.0,57,Month-to-month,Fiber optic,75.36,4231.12,2,Yes
C100050,2021-12-23,East,66.0,55,Month-to-month,Fiber optic,75.33,4074.62,4,Yes
C100051,2025-04-06,East,67.0,15,Month-to-month,DSL,47.33,694.94,0,No
C100052,2024-04-11,East,35.0,27,Month-to-month,Fiber optic,61.95,1639.39,0,Yes
C100053,2023-09-14,West,23.0,34,Month-to-month,DSL,39.99,1351.99,3,No
C100054,2023-07-16,West,66.0,36,Month-to-month,Fiber optic,70.05,2504.47,0,Yes
C100055,2026-03-02,West,23.0,4,One year,DSL,61.76,234.77,2,Yes
C100056,2023-03-18,North,66.0,40,Two year,DSL,43.77,1615.07,1,No
C100057,2025-07-05,South,40.0,12,Month-to-month,DSL,62.72,694.76,0,Yes
C100058,2022-01-22,South,61.0,54,One year,Fiber optic,69.48,3585.83,1,No
C100059,2022-05-22,North,55.0,50,Two year,DSL,49.57,2445.78,2,No
C100060,2020-12-28,West,20.0,67,Two year,None,48.86,3233.71,1,No
C100061,2022-01-22,North,18.0,54,One year,Fiber optic,84.83,4362.55,0,No
C100062,2024-04-11,West,57.0,27,Two year,Fiber optic,85.14,2170.34,3,No
C100063,2020-09-29,West,,70,Two year,DSL,35.43,2382.21,3,No
C100064,2024-01-12,East,20.0,30,One year,Fiber optic,91.31,2702.6,1,No
C100065,2024-07-10,South,78.0,24,Month-to-month,DSL,44.01,1025.52,2,Yes
C100066,2021-01-27,South,32.0,66,Month-to-month,DSL,42.27,2597.84,3,Yes
C100067,2024-04-11,East,71.0,27,Month-to-month,Fiber optic,50.0,1281.12,2,No
C100068,2026-01-01,East,25.0,6,Month-to-month,DSL,48.92,283.08,1,No
C100069,2023-09-14,East,32.0,34,Month-to-month,DSL,32.0,1047.81,6,No
C100070,2021-09-24,East,50.0,58,Month-to-month,Fiber optic,69.9,3999.27,0,Yes
C100071,2025-05-06,West,,14,One year,None,6.06,84.38,3,No
C100072,2023-09-14,West,55.0,34,One year,Fiber optic,86.57,2731.57,1,Yes
C100073,2025-09-03,West,28.0,10,Two year,Fiber optic,71.62,671.76,1,No
C100074,2022-05-22,South,34.0,50,Month-to-month,None,47.36,2252.85,1,No
C100075,2023-08-15,North,34.0,35,Month-to-month,Fiber optic,52.72,1741.34,1,Yes
C100076,2024-07-10,South,45.0,24,One year,DSL,63.59,1453.92,1,No
C100077,2025-02-05,South,75.0,17,Two year,Fiber optic,50.0,784.77,1,No
C100078,2023-02-16,South,46.0,41,Two year,DSL,47.5,1801.98,2,No
C100079,2022-06-21,East,79.0,49,Two year,Fiber optic,57.42,2777.2,1,Yes
C100080,2020-11-28,West,33.0,68,Two year,DSL,39.62,2500.74,0,No
C100081,2023-11-13,West,33.0,32,Month-to-month,DSL,38.8,1224.13,1,No
C100082,2025-07-05,East,24.0,12,Month-to-month,None,9.02,102.23,3,Yes
C100083,2021-07-26,East,31.0,60,Month-to-month,None,5.0,283.42,1,No
C100084,2022-09-19,South,37.0,46,One year,DSL,39.69,1694.4,0,No
C100085,2022-04-22,East,41.0,51,Two year,DSL,46.39,2179.13,3,Yes
C100086,2025-11-02,South,62.0,8,Month-to-month,DSL,58.96,447.35,0,No
C100087,2024-08-09,West,45.0,23,One year,None,23.54,534.29,1,No
C100088,2021-11-23,West,60.0,56,Month-to-month,DSL,59.0,3282.84,2,No
C100089,2021-07-26,South,23.0,60,Month-to-month,None,5.0,277.48,0,No
C100090,2023-11-13,East,76.0,32,Month-to-month,Fiber optic,59.8,1765.24,1,Yes
C100091,2021-09-24,North,27.0,58,Month-to-month,DSL,53.53,2895.8,0,No
C100092,2021-06-26,South,20.0,61,Two year,DSL,49.12,2940.3,2,No
C100093,2024-03-12,West,44.0,28,Month-to-month,Fiber optic,54.67,1433.39,1,Yes
C100094,2021-02-26,East,58.0,65,Two year,Fiber optic,76.21,4648.83,2,No
C100095,2024-10-08,East,32.0,21,One year,None,13.62,283.48,0,No
C100096,2025-01-06,North,28.0,18,Month-to-month,Fiber optic,55.67,992.04,2,Yes
C100097,2022-05-22,West,70.0,50,Month-to-month,Fiber optic,70.84,3448.57,4,Yes
C100098,2022-09-19,West,69.0,46,Two year,Fiber optic,65.07,2793.04,1,No
C100099,2025-08-04,South,64.0,11,Month-to-month,Fiber optic,58.73,614.05,2,Yes
C100100,2021-07-26,West,31.0,60,Two year,DSL,38.32,2158.71,4,No
C100101,2025-04-06,East,51.0,15,Month-to-month,None,7.16,104.58,0,Yes
C100102,2021-09-24,South,60.0,58,One year,None,15.25,868.93,1,No
C100103,2026-05-31,South,44.0,1,Two year,DSL,58.2,54.21,2,No
C100104,2021-09-24,East,29.0,58,Month-to-month,DSL,47.93,2757.25,1,No
C100105,2021-10-24,South,69.0,57,Month-to-month,Fiber optic,76.5,,0,No
C100106,2021-10-24,East,76.0,57,Two year,None,26.19,1468.35,3,No
C100107,2022-07-21,North,28.0,48,Month-to-month,Fiber optic,57.65,2557.26,0,No
C100108,2023-09-14,South,61.0,34,Month-to-month,Fiber optic,50.0,1613.04,0,No
C100109,2022-04-22,East,73.0,51,Month-to-month,None,8.88,417.19,0,Yes
C100110,2024-11-07,West,51.0,20,Month-to-month,None,11.95,233.62,3,No
C100111,2021-10-24,South,21.0,57,One year,Fiber optic,56.02,2957.98,1,Yes
C100112,2023-02-16,East,60.0,41,One year,DSL,56.77,2204.36,2,No
C100113,2023-09-14,South,75.0,34,Month-to-month,DSL,56.65,1892.47,1,No
C100114,2023-06-16,West,34.0,37,Two year,Fiber optic,91.54,3318.96,3,No
C100115,2023-02-16,South,26.0,41,Month-to-month,Fiber optic,55.84,2223.56,1,Yes
C100116,2026-04-01,East,33.0,3,Month-to-month,Fiber optic,84.17,246.33,2,Yes
C100117,2025-08-04,South,68.0,11,One year,DSL,64.1,685.43,2,No
C100118,2025-01-06,South,52.0,18,Two year,Fiber optic,62.21,1087.64,1,No
C100119,2025-10-03,East,19.0,9,Month-to-month,DSL,50.68,432.39,1,No
C100120,2023-11-13,East,54.0,32,Month-to-month,Fiber optic,79.89,2357.72,0,Yes
C100121,2022-06-21,East,68.0,49,Month-to-month,None,19.29,903.0,2,No
C100122,2022-07-21,West,29.0,48,Two year,DSL,43.36,1922.35,0,No
C100123,2023-09-14,East,54.0,34,Month-to-month,None,12.47,405.96,2,Yes
C100124,2021-05-27,West,32.0,62,Month-to-month,Fiber optic,50.0,2967.09,1,Yes
C100125,2023-02-16,South,19.0,41,One year,DSL,45.85,1756.34,0,No
C100126,2026-01-01,East,42.0,6,Month-to-month,None,11.48,67.69,2,No
C100127,2021-11-23,South,66.0,56,Month-to-month,Fiber optic,52.1,2848.56,1,No
C100128,2023-01-17,East,59.0,42,Month-to-month,Fiber optic,70.07,2839.24,3,No
C100129,2022-09-19,North,24.0,46,Month-to-month,Fiber optic,50.0,2286.37,2,No
C100130,2023-02-16,West,29.0,41,Month-to-month,Fiber optic,74.67,2886.89,2,Yes
C100131,2023-03-18,East,51.0,40,Two year,Fiber optic,70.8,2664.81,1,No
C100132,2025-12-02,East,37.0,7,One year,Fiber optic,60.2,393.87,1,No
C100133,2023-02-16,West,38.0,41,One year,Fiber optic,64.24,2537.85,2,No
C100134,2021-09-24,South,45.0,58,Two year,DSL,30.72,1668.49,2,No
C100135,2024-09-08,South,65.0,22,Month-to-month,Fiber optic,74.0,1610.92,1,Yes
C100136,2022-11-18,East,53.0,44,Month-to-month,Fiber optic,67.25,2794.32,2,No
C100137,2026-04-01,West,70.0,3,Two year,DSL,48.14,138.54,1,No
C100138,2024-05-11,South,24.0,26,Month-to-month,Fiber optic,71.02,1777.02,1,No
C100139,2023-11-13,North,46.0,32,One year,Fiber optic,57.29,1731.74,1,No
C100140,2020-08-30,North,52.0,71,One year,Fiber optic,50.0,3475.71,1,Yes
C100141,2025-03-07,East,64.0,16,Month-to-month,Fiber optic,76.49,1193.69,3,Yes
C100142,2024-11-07,North,49.0,20,Month-to-month,DSL,53.26,1044.82,1,No
C100143,2024-01-12,East,74.0,30,Month-to-month,Fiber optic,58.58,1702.0,1,No
C100144,2020-07-31,West,69.0,72,Month-to-month,Fiber optic,69.91,4816.15,1,No
C100145,2021-05-27,East,60.0,62,Month-to-month,None,35.1,2080.26,2,No
C100146,2026-04-01,North,42.0,3,Month-to-month,None,33.66,98.69,0,Yes
C100147,2025-02-05,East,37.0,17,One year,Fiber optic,58.23,940.58,2,No
C100148,2021-07-26,South,51.0,60,Two year,Fiber optic,50.0,2864.94,0,No
C100149,2026-01-31,North,46.0,5,Two year,DSL,30.0,139.96,0,No
C100150,2021-05-27,North,19.0,62,Month-to-month,None,16.26,982.28,2,No
C100151,2024-10-08,East,32.0,21,Month-to-month,DSL,62.55,1216.55,0,No
C100152,2020-12-28,East,69.0,67,Month-to-month,Fiber optic,56.26,3766.56,1,No
C100153,2024-09-08,South,46.0,22,Month-to-month,Fiber optic,57.84,1185.31,1,Yes
C100154,2023-11-13,West,76.0,32,Two year,Fiber optic,57.6,1752.22,4,No
C100155,2022-07-21,East,33.0,48,Month-to-month,None,13.62,613.9,0,No
C100156,2025-09-03,West,78.0,10,Month-to-month,None,19.87,187.42,2,No
C100157,2023-02-16,North,68.0,41,Two year,Fiber optic,50.0,,1,No
C100158,2023-06-16,South,40.0,37,Month-to-month,DSL,58.01,2098.01,0,No
C100159,2021-10-24,North,55.0,57,Month-to-month,Fiber optic,63.26,3368.34,4,No
C100160,2020-07-31,South,79.0,72,Month-to-month,DSL,74.75,5065.05,0,No
C100161,2022-07-21,West,57.0,48,One year,None,5.92,263.73,2,No
C100162,2024-01-12,South,75.0,30,One year,DSL,64.08,1819.58,0,No
C100163,2024-01-12,South,24.0,30,Month-to-month,Fiber optic,81.7,2439.48,2,No
C100164,2023-12-13,North,28.0,31,Two year,DSL,40.06,1180.27,4,No
C100165,2021-08-25,South,18.0,59,Two year,Fiber optic,60.26,3492.01,3,No
C100166,2024-07-10,North,38.0,24,Two year,DSL,33.94,779.48,1,No
C100167,2025-06-05,North,66.0,13,Month-to-month,Fiber optic,54.08,672.08,5,Yes
C100168,2024-06-10,North,77.0,25,Month-to-month,None,19.99,492.71,3,No
C100169,2026-05-01,East,51.0,2,Two year,Fiber optic,65.25,120.34,3,No
C100170,2025-11-02,East,44.0,8,Month-to-month,Fiber optic,50.0,395.68,0,Yes
C100171,2025-12-02,East,75.0,7,One year,Fiber optic,92.52,620.97,1,No
C100172,2021-11-23,North,54.0,56,One year,Fiber optic,61.89,3285.93,1,Yes
C100173,2022-02-21,West,51.0,53,Month-to-month,Fiber optic,65.79,3460.88,1,Yes
C100174,2022-04-22,East,23.0,51,One year,DSL,37.49,1811.02,0,No
C100175,2023-09-14,East,,34,Two year,Fiber optic,61.8,2097.45,1,No
C100176,2022-03-23,West,61.0,52,One year,Fiber optic,60.71,3140.85,0,No
C100177,2025-07-05,South,61.0,12,Month-to-month,Fiber optic,64.96,733.87,1,Yes
C100178,2021-02-26,East,48.0,65,Two year,Fiber optic,64.82,3991.04,1,No
C100179,2023-06-16,North,61.0,37,Month-to-month,None,29.66,1080.93,2,Yes
C100180,2020-11-28,South,60.0,68,One year,None,22.73,1446.18,1,No
C100181,2025-08-04,South,,11,Two year,Fiber optic,73.45,790.62,2,No
C100182,2023-07-16,North,69.0,36,One year,DSL,44.88,1503.12,4,Yes
C100183,2022-04-22,East,61.0,51,Month-to-month,DSL,47.78,2281.92,2,No
C100184,2023-07-16,North,31.0,36,Month-to-month,None,17.1,591.0,1,Yes
C100185,2023-10-14,West,31.0,33,Month-to-month,Fiber optic,77.04,2490.64,1,Yes
C100186,2025-07-05,North,77.0,12,Month-to-month,Fiber optic,68.87,809.21,1,Yes
C100187,2024-03-12,North,33.0,28,Month-to-month,DSL,43.1,1169.04,1,Yes
C100188,2025-01-06,South,20.0,18,One year,None,17.75,300.9,3,No
C100189,2024-09-08,South,19.0,22,Month-to-month,DSL,43.69,916.23,0,No
C100190,2022-05-22,East,32.0,50,One year,DSL,45.37,2131.7,1,No
C100191,2022-09-19,East,56.0,46,Two year,Fiber optic,64.32,2787.59,1,No
C100192,2022-11-18,East,46.0,44,Month-to-month,DSL,38.29,1593.54,6,No
C100193,2024-04-11,East,63.0,27,One year,None,29.18,762.58,4,No
C100194,2020-09-29,West,32.0,70,One year,Fiber optic,74.94,4913.26,6,No
C100195,2025-12-02,East,32.0,7,Month-to-month,DSL,66.41,429.26,1,No
C100196,2024-06-10,North,43.0,25,Month-to-month,Fiber optic,57.76,1408.47,1,No
C100197,2025-10-03,South,67.0,9,One year,DSL,53.0,439.67,1,No
C100198,2024-06-10,East,49.0,25,Two year,DSL,30.0,748.25,3,Yes
C100199,2020-09-29,South,65.0,70,One year,DSL,54.95,3646.57,0,No
C100200,2024-04-11,West,23.0,27,Two year,None,5.0,124.27,4,No
C100201,2021-01-27,South,43.0,66,Two year,Fiber optic,53.19,3478.13,4,No
C100202,2023-07-16,South,45.0,36,Month-to-month,Fiber optic,68.99,2404.12,0,No
C100203,2022-04-22,South,22.0,51,One year,Fiber optic,57.54,2891.67,1,No
C100204,2023-10-14,East,37.0,33,Month-to-month,Fiber optic,55.9,1761.32,2,Yes
C100205,2024-11-07,East,35.0,20,Two year,Fiber optic,59.18,1122.45,0,No
C100206,2021-11-23,South,46.0,56,Month-to-month,Fiber optic,73.76,4016.62,2,No
C100207,2020-09-29,North,28.0,70,Month-to-month,Fiber optic,53.81,3587.71,1,Yes
C100208,2024-12-07,North,34.0,19,Two year,Fiber optic,64.35,1179.24,3,No
C100209,2021-10-24,South,77.0,57,Month-to-month,Fiber optic,60.46,3247.12,1,No
C100210,2024-12-07,West,26.0,19,One year,DSL,54.84,986.33,1,No
C100211,2022-03-23,West,68.0,52,Month-to-month,Fiber optic,75.18,3622.32,0,Yes
C100212,2021-10-24,East,51.0,57,Two year,DSL,30.0,1680.09,2,No
C100213,2023-10-14,East,22.0,33,Two year,None,32.54,1017.88,0,No
C100214,2022-01-22,East,42.0,54,Month-to-month,DSL,37.67,2030.11,1,No
C100215,2024-11-07,North,49.0,20,One year,Fiber optic,67.84,1276.45,2,No
C100216,2026-01-01,South,35.0,6,Month-to-month,Fiber optic,53.73,308.84,1,No
C100217,2025-12-02,West,34.0,7,One year,DSL,49.45,326.92,4,Yes
C100218,2023-10-14,East,62.0,33,One year,DSL,75.0,2414.4,5,No
C100219,2021-02-26,North,19.0,65,Two year,Fiber optic,66.53,4258.15,1,No
C100220,2025-09-03,North,75.0,10,Month-to-month,Fiber optic,59.48,570.39,2,Yes
C100221,2023-10-14,West,37.0,33,Month-to-month,DSL,42.21,1322.38,3,No
C100222,2022-04-22,West,41.0,51,One year,Fiber optic,50.0,2497.93,0,Yes
C100223,2025-04-06,North,25.0,15,One year,DSL,62.39,875.32,1,No
C100224,2022-03-23,South,72.0,52,Month-to-month,Fiber optic,68.75,3460.45,2,No
C100225,2024-08-09,West,31.0,23,Month-to-month,Fiber optic,52.41,1179.74,1,Yes
C100226,2021-08-25,South,,59,Month-to-month,DSL,32.8,1822.07,2,No
C100227,2023-01-17,North,38.0,42,Two year,Fiber optic,65.18,2662.16,3,No
C100228,2023-03-18,South,19.0,40,Month-to-month,DSL,56.18,2199.6,1,No
C100229,2025-06-05,South,43.0,13,Month-to-month,Fiber optic,51.19,618.48,1,Yes
C100230,2023-09-14,South,50.0,34,Two year,Fiber optic,78.36,2520.14,2,No
C100231,2021-05-27,West,47.0,62,Month-to-month,None,18.9,1116.14,1,No
C100232,2026-05-01,West,79.0,2,One year,Fiber optic,53.84,105.75,1,No
C100233,2021-12-23,East,,55,Month-to-month,Fiber optic,59.39,3153.43,2,No
C100234,2023-07-16,North,66.0,36,Two year,None,40.98,1410.32,1,No
C100235,2022-03-23,South,40.0,52,One year,DSL,30.0,1474.98,2,No
C100236,2022-07-21,North,26.0,48,Two year,DSL,36.22,,0,No
C100237,2023-11-13,North,48.0,32,Month-to-month,Fiber optic,76.43,2254.06,0,No
C100238,2024-08-09,South,52.0,23,Month-to-month,Fiber optic,67.6,1460.32,3,Yes
C100239,2022-09-19,North,43.0,46,One year,DSL,35.51,1518.03,1,No
C100240,2025-08-04,East,65.0,11,Month-to-month,Fiber optic,76.58,783.05,2,Yes
C100241,2022-12-18,South,77.0,43,Month-to-month,Fiber optic,77.15,3212.02,2,No
C100242,2025-12-02,East,23.0,7,Month-to-month,DSL,48.98,332.04,0,No
C100243,2022-08-20,East,22.0,47,Two year,Fiber optic,57.65,2502.49,2,No
C100244,2022-09-19,West,34.0,46,One year,Fiber optic,59.5,2648.09,2,Yes
C100245,2025-12-02,South,54.0,7,One year,Fiber optic,68.42,446.21,2,Yes
C100246,2021-12-23,North,20.0,55,One year,Fiber optic,50.0,2612.99,2,Yes
C100247,2024-01-12,West,30.0,30,Month-to-month,DSL,60.93,1826.39,2,Yes
C100248,2021-10-24,South,43.0,57,Month-to-month,None,40.4,2214.74,4,No
C100249,2026-04-01,West,41.0,3,Month-to-month,Fiber optic,62.17,172.1,2,No
C100250,2025-06-05,West,70.0,13,One year,Fiber optic,69.27,853.51,2,No
C100251,2023-07-16,West,51.0,36,Month-to-month,DSL,59.23,2076.14,1,Yes
C100252,2025-05-06,East,72.0,14,Two year,Fiber optic,88.47,1161.75,1,No
C100253,2024-07-10,East,65.0,24,Two year,DSL,63.68,1523.97,1,No
C100254,2022-07-21,South,43.0,48,Month-to-month,None,5.0,228.97,0,No
C100255,2025-08-04,South,78.0,11,One year,DSL,41.21,417.81,1,No
C100256,2022-06-21,West,70.0,49,Month-to-month,Fiber optic,71.01,3351.6,2,Yes
C100257,2025-11-02,East,48.0,8,Two year,None,14.07,109.64,4,Yes
C100258,2025-06-05,North,70.0,13,Two year,Fiber optic,86.39,1074.19,1,No
C100259,2022-12-18,South,33.0,43,Two year,None,39.55,1690.88,1,No
C100260,2021-09-24,West,30.0,58,Month-to-month,DSL,35.21,2026.16,1,No
C100261,2025-06-05,North,67.0,13,Month-to-month,DSL,43.05,521.1,2,Yes
C100262,2024-09-08,South,66.0,22,Month-to-month,None,11.01,224.39,1,Yes
C100263,2020-12-28,West,31.0,67,Month-to-month,DSL,42.66,2700.97,3,No
C100264,2020-07-31,South,64.0,72,Month-to-month,Fiber optic,62.29,4344.28,1,No
C100265,2023-01-17,East,49.0,42,Month-to-month,Fiber optic,76.45,3108.56,3,No
C100266,2023-10-14,West,52.0,33,Two year,DSL,34.34,1067.19,1,No
C100267,2024-06-10,South,70.0,25,Month-to-month,DSL,30.0,747.07,2,Yes
C100268,2022-10-19,West,27.0,45,Month-to-month,Fiber optic,50.0,2125.32,2,No
C100269,2022-12-18,South,43.0,43,Two year,DSL,32.66,1382.38,2,Yes
C100270,2024-09-08,South,35.0,22,One year,DSL,37.13,805.88,2,Yes
C100271,2026-05-01,North,52.0,2,One year,Fiber optic,67.25,124.8,4,Yes
C100272,2025-08-04,South,27.0,11,One year,Fiber optic,52.04,537.29,1,Yes
C100273,2020-09-29,East,25.0,70,Two year,Fiber optic,50.47,3311.09,0,No
C100274,2023-12-13,North,61.0,31,One year,Fiber optic,53.85,1658.62,2,No
C100275,2023-08-15,South,21.0,35,Month-to-month,Fiber optic,51.61,1712.58,1,Yes
C100276,2023-09-14,East,43.0,34,One year,Fiber optic,58.35,1957.95,1,No
C100277,2021-10-24,West,79.0,57,Month-to-month,Fiber optic,57.83,3158.66,4,Yes
C100278,2026-01-31,East,79.0,5,Month-to-month,Fiber optic,73.27,350.44,1,Yes
C100279,2026-01-01,East,29.0,6,Month-to-month,DSL,33.13,197.24,0,No
C100280,2024-11-07,East,75.0,20,Month-to-month,Fiber optic,60.71,1159.89,2,No
C100281,2023-07-16,South,38.0,36,One year,None,13.46,474.67,2,No
C100282,2022-06-21,South,30.0,49,Month-to-month,None,29.71,1388.75,2,Yes
C100283,2023-07-16,East,49.0,36,Month-to-month,DSL,43.15,1441.79,0,Yes
C100284,2023-11-13,North,48.0,32,Month-to-month,None,32.61,964.47,1,No
C100285,2020-11-28,West,41.0,68,Two year,None,6.17,392.98,2,No
C100286,2025-07-05,South,,12,Month-to-month,Fiber optic,64.41,755.75,0,Yes
C100287,2023-01-17,West,24.0,42,One year,DSL,38.09,1519.62,3,No
C100288,2023-03-18,North,34.0,40,Two year,Fiber optic,50.29,1923.75,3,Yes
C100289,2023-08-15,South,30.0,35,Month-to-month,DSL,44.19,1435.52,0,No
C100290,2021-08-25,South,75.0,59,One year,DSL,65.8,3765.12,4,No
C100291,2024-11-07,South,48.0,20,Month-to-month,Fiber optic,54.77,1078.18,0,No
C100292,2020-10-29,East,51.0,69,Month-to-month,Fiber optic,63.47,4247.94,0,No
C100293,2024-07-10,East,45.0,24,One year,None,5.0,119.85,1,No
C100294,2023-03-18,West,72.0,40,Two year,Fiber optic,50.0,1842.61,1,No
C100295,2023-05-17,West,67.0,38,Month-to-month,Fiber optic,55.55,1944.67,3,No
C100296,2021-05-27,North,60.0,62,One year,Fiber optic,59.6,3547.39,1,No
C100297,2023-11-13,West,37.0,32,Month-to-month,DSL,40.13,1208.8,2,No
C100298,2024-10-08,South,37.0,21,One year,None,17.29,353.98,0,No
C100299,2026-05-01,South,76.0,2,One year,DSL,30.0,59.01,5,No
C100300,2024-04-11,North,75.0,27,One year,Fiber optic,57.49,1440.77,2,No
C100301,2021-07-26,East,35.0,60,One year,Fiber optic,71.02,4233.02,0,No
C100302,2026-05-31,West,38.0,1,Month-to-month,Fiber optic,50.0,46.12,2,No
C100303,2021-02-26,South,38.0,65,One year,DSL,40.74,2582.09,1,No
C100304,2023-03-18,West,66.0,40,One year,DSL,48.51,1844.85,2,No
C100305,2025-08-04,North,76.0,11,One year,DSL,35.61,381.29,2,No
C100306,2024-09-08,West,73.0,22,Month-to-month,Fiber optic,69.1,1410.46,1,No
C100307,2023-03-18,South,70.0,40,Month-to-month,DSL,30.0,1193.96,0,No
C100308,2024-08-09,South,39.0,23,Month-to-month,Fiber optic,75.66,1731.47,2,Yes
C100309,2025-11-02,North,37.0,8,Month-to-month,DSL,49.39,379.93,1,No
C100310,2022-07-21,West,73.0,48,Month-to-month,DSL,45.67,2106.15,2,No
C100311,2022-06-21,East,42.0,49,Month-to-month,DSL,58.5,2782.75,2,No
C100312,2025-10-03,West,31.0,9,One year,DSL,41.05,357.04,1,Yes
C100313,2024-10-08,South,70.0,21,Month-to-month,None,12.59,254.74,2,Yes
C100314,2025-01-06,North,47.0,18,Two year,Fiber optic,81.47,1418.27,0,No
C100315,2022-07-21,East,23.0,48,Month-to-month,Fiber optic,87.09,4133.04,2,Yes
C100316,2022-02-21,North,73.0,53,One year,Fiber optic,56.68,2910.57,2,No
C100317,2022-02-21,East,36.0,53,Month-to-month,DSL,43.64,2164.12,3,No
C100318,2020-11-28,North,37.0,68,Month-to-month,DSL,57.54,3885.77,1,Yes
C100319,2021-11-23,North,50.0,56,One year,DSL,44.06,2312.6,3,No
C100320,2024-07-10,East,34.0,24,Two year,DSL,52.14,1167.79,1,No
C100321,2025-11-02,East,69.0,8,Month-to-month,Fiber optic,74.36,594.74,1,Yes
C100322,2022-10-19,North,60.0,45,Month-to-month,DSL,38.25,1612.94,2,Yes
C100323,2021-01-27,North,53.0,66,One year,DSL,50.03,3064.26,3,No
C100324,2020-08-30,West,30.0,71,One year,Fiber optic,64.93,4448.5,0,No
C100325,2025-02-05,North,48.0,17,Month-to-month,Fiber optic,50.4,844.96,1,No
C100326,2025-01-06,North,34.0,18,Month-to-month,Fiber optic,53.12,884.31,1,Yes
C100327,2026-04-01,West,77.0,3,Month-to-month,Fiber optic,57.17,164.51,2,No
C100328,2025-08-04,East,67.0,11,Two year,DSL,56.14,571.52,2,No
C100329,2023-03-18,North,25.0,40,Month-to-month,None,31.54,1203.94,2,No
C100330,2023-03-18,West,50.0,40,Month-to-month,DSL,54.0,2046.64,3,No
C100331,2024-04-11,South,66.0,27,Two year,Fiber optic,70.28,1766.57,0,No
C100332,2024-08-09,East,50.0,23,Month-to-month,DSL,49.95,1142.51,0,No
C100333,2021-07-26,East,25.0,60,Month-to-month,DSL,48.33,2815.1,3,No
C100334,2023-09-14,South,26.0,34,Month-to-month,Fiber optic,69.89,2346.42,3,Yes
C100335,2021-08-25,South,63.0,59,Month-to-month,DSL,50.7,2968.79,1,No
C100336,2020-09-29,East,50.0,70,Month-to-month,Fiber optic,50.0,3480.45,0,No
C100337,2024-08-09,South,51.0,23,Month-to-month,Fiber optic,55.52,1251.23,2,No
C100338,2025-04-06,North,34.0,15,One year,Fiber optic,52.65,745.96,2,No
C100339,2020-10-29,East,34.0,69,One year,Fiber optic,78.29,5328.08,2,No
C100340,2022-09-19,East,43.0,46,Month-to-month,None,39.85,1762.74,2,No
C100341,2024-10-08,East,51.0,21,One year,Fiber optic,50.0,988.82,2,No
C100342,2022-10-19,East,47.0,45,Month-to-month,Fiber optic,83.78,3584.84,3,Yes
C100343,2023-05-17,East,72.0,38,Two year,Fiber optic,66.04,2369.23,2,No
C100344,2021-01-27,West,29.0,66,Month-to-month,Fiber optic,77.15,4874.46,1,Yes
C100345,2024-12-07,West,47.0,19,One year,Fiber optic,71.08,1326.9,2,Yes
C100346,2020-07-31,West,32.0,72,Month-to-month,Fiber optic,82.28,5680.02,2,No
C100347,2020-11-28,North,18.0,68,One year,DSL,47.52,3042.09,1,No
C100348,2025-05-06,North,43.0,14,Month-to-month,Fiber optic,50.0,648.89,1,No
C100349,2025-07-05,South,21.0,12,One year,DSL,43.73,518.7,3,No
C100350,2023-04-17,East,41.0,39,Month-to-month,Fiber optic,71.19,2647.0,2,No
C100351,2026-03-02,North,57.0,4,Two year,DSL,42.41,162.07,4,Yes
C100352,2024-09-08,North,41.0,22,Month-to-month,DSL,52.89,1141.59,4,No
C100353,2023-11-13,North,60.0,32,One year,Fiber optic,64.21,2030.02,1,No
C100354,2020-09-29,East,36.0,70,Two year,Fiber optic,57.85,3891.13,0,No
C100355,2020-07-31,West,42.0,72,Two year,None,6.97,487.08,4,No
C100356,2025-08-04,South,72.0,11,Month-to-month,DSL,40.3,416.32,2,Yes
C100357,2021-02-26,East,33.0,65,Month-to-month,DSL,47.45,3068.23,2,No
C100358,2025-12-02,North,49.0,7,Month-to-month,Fiber optic,50.0,337.9,1,No
C100359,2022-01-22,North,62.0,54,Month-to-month,Fiber optic,55.64,2937.16,2,No
C100360,2021-06-26,East,40.0,61,One year,DSL,30.0,1700.32,0,No
C100361,2021-02-26,South,36.0,65,Two year,None,12.6,795.21,4,No
C100362,2025-02-05,North,61.0,17,Two year,Fiber optic,79.37,1281.17,2,No
C100363,2021-02-26,North,22.0,65,Month-to-month,DSL,30.77,1912.06,2,No
C100364,2025-10-03,West,34.0,9,One year,DSL,53.44,468.73,2,No
C100365,2023-05-17,East,43.0,38,Two year,Fiber optic,95.0,3551.18,2,No
C100366,2023-09-14,West,31.0,34,Two year,Fiber optic,82.44,2657.06,2,No
C100367,2024-08-09,South,51.0,23,Month-to-month,Fiber optic,66.6,1516.27,0,No
C100368,2026-05-01,West,56.0,2,Month-to-month,Fiber optic,75.3,141.19,1,Yes
C100369,2021-11-23,West,77.0,56,Two year,DSL,30.0,1621.25,0,No
C100370,2024-06-10,South,55.0,25,Month-to-month,Fiber optic,50.0,1165.13,5,Yes
C100371,2022-07-21,North,54.0,48,Month-to-month,Fiber optic,65.34,2957.99,3,No
C100372,2024-01-12,West,63.0,30,Two year,DSL,49.78,1480.9,1,No
C100373,2024-04-11,South,30.0,27,Two year,DSL,58.13,1445.4,1,No
C100374,2021-03-28,South,47.0,64,Two year,DSL,38.17,2426.39,2,No
C100375,2025-12-02,West,69.0,7,One year,DSL,47.32,313.44,0,No
C100376,2022-01-22,South,28.0,54,Month-to-month,Fiber optic,66.91,,1,No
C100377,2022-01-22,West,36.0,54,Month-to-month,DSL,43.42,2174.31,2,Yes
C100378,2024-03-12,North,31.0,28,Month-to-month,Fiber optic,64.13,1744.11,1,Yes
C100379,2024-12-07,South,77.0,19,One year,Fiber optic,54.74,1032.53,0,No
C100380,2026-05-31,South,39.0,1,Month-to-month,Fiber optic,68.36,65.93,5,Yes
C100381,2020-11-28,South,38.0,68,One year,DSL,47.34,3054.85,2,No
C100382,2020-10-29,North,68.0,69,Month-to-month,DSL,39.72,2695.42,3,No
C100383,2025-01-06,West,74.0,18,One year,Fiber optic,72.99,1283.63,1,No
C100384,2026-04-01,East,18.0,3,Month-to-month,None,32.33,90.14,2,No
C100385,2025-10-03,East,72.0,9,Month-to-month,None,28.13,246.4,0,Yes
C100386,2026-01-31,East,61.0,5,Month-to-month,Fiber optic,52.49,255.41,1,No
C100387,2021-07-26,East,71.0,60,Month-to-month,DSL,46.2,2716.99,2,No
C100388,2021-02-26,East,23.0,65,Two year,Fiber optic,54.06,3321.71,1,No
C100389,2025-07-05,East,20.0,12,Month-to-month,None,21.16,241.76,3,No
C100390,2022-01-22,East,38.0,54,Month-to-month,Fiber optic,54.11,2912.6,2,No
C100391,2025-06-05,West,70.0,13,One year,Fiber optic,80.33,1008.66,2,No
C100392,2024-04-11,North,48.0,27,One year,Fiber optic,74.4,1929.81,1,No
C100393,2022-11-18,East,62.0,44,Month-to-month,Fiber optic,78.84,3465.31,2,No
C100394,2022-03-23,North,33.0,52,Month-to-month,DSL,57.62,2811.57,1,No
C100395,2021-04-27,North,38.0,63,Month-to-month,DSL,41.75,2503.56,4,No
C100396,2026-03-02,West,72.0,4,One year,Fiber optic,59.89,234.96,1,Yes
C100397,2025-04-06,South,48.0,15,Month-to-month,DSL,65.9,965.81,0,No
C100398,2024-10-08,East,66.0,21,Month-to-month,None,18.02,377.41,2,No
C100399,2024-08-09,East,57.0,23,Month-to-month,DSL,30.0,670.92,0,No
C100400,2020-07-31,North,28.0,72,One year,DSL,57.09,3884.6,1,No
C100401,2021-11-23,South,76.0,56,Month-to-month,Fiber optic,66.73,3556.81,1,Yes
C100402,2024-07-10,North,76.0,24,Two year,Fiber optic,83.07,1848.49,0,No
C100403,2020-09-29,South,66.0,70,Month-to-month,None,22.92,1594.61,2,No
C100404,2023-07-16,North,47.0,36,One year,DSL,44.76,1499.04,2,No
C100405,2023-06-16,East,44.0,37,Month-to-month,DSL,63.31,2257.34,3,No
C100406,2023-11-13,North,36.0,32,Month-to-month,None,5.0,152.34,3,No
C100407,2025-08-04,South,58.0,11,Month-to-month,Fiber optic,57.98,593.61,2,Yes
C100408,2020-11-28,South,37.0,68,Two year,DSL,34.35,2203.69,2,No
C100409,2026-05-01,West,29.0,2,Two year,Fiber optic,50.0,97.07,1,No
C100410,2025-06-05,West,21.0,13,Month-to-month,Fiber optic,75.48,905.19,1,No
C100411,2025-02-05,South,44.0,17,Month-to-month,DSL,38.31,649.5,4,Yes
C100412,2024-10-08,South,68.0,21,Two year,Fiber optic,75.86,1581.47,4,No
C100413,2025-09-03,East,67.0,10,Month-to-month,None,24.67,228.63,0,No
C100414,2026-05-01,East,70.0,2,Month-to-month,Fiber optic,72.29,143.06,1,No
C100415,2022-06-21,East,55.0,49,Month-to-month,DSL,39.54,1833.39,0,No
C100416,2020-09-29,North,71.0,70,One year,DSL,35.83,2321.0,1,No
C100417,2025-10-03,North,66.0,9,One year,DSL,46.08,391.7,1,No
C100418,2024-09-08,East,68.0,22,One year,None,31.03,672.22,2,No
C100419,2023-06-16,South,49.0,37,Two year,Fiber optic,64.4,2319.1,1,No
C100420,2020-12-28,West,23.0,67,Month-to-month,Fiber optic,56.58,3559.94,2,No
C100421,2022-05-22,North,41.0,50,Month-to-month,Fiber optic,50.61,2473.65,2,Yes
C100422,2021-11-23,North,70.0,56,Month-to-month,Fiber optic,67.45,3688.91,3,No
C100423,2023-01-17,West,64.0,42,Month-to-month,None,13.35,549.17,1,No
C100424,2023-12-13,West,18.0,31,Month-to-month,DSL,44.14,1318.06,0,No
C100425,2025-04-06,East,23.0,15,Month-to-month,Fiber optic,62.13,918.45,2,Yes
C100426,2021-04-27,North,58.0,63,Month-to-month,Fiber optic,59.67,3651.35,1,No
C100427,2021-09-24,North,78.0,58,One year,DSL,48.53,2617.8,1,No
C100428,2026-05-01,West,63.0,2,Month-to-month,DSL,51.65,101.73,0,Yes
C100429,2022-03-23,South,76.0,52,Month-to-month,Fiber optic,88.58,4356.97,0,No
C100430,2025-12-02,South,22.0,7,One year,DSL,54.1,369.76,2,No
C100431,2022-01-22,West,72.0,54,One year,DSL,64.12,3372.49,0,Yes
C100432,2021-07-26,North,25.0,60,One year,DSL,35.18,1998.66,3,Yes
C100433,2025-09-03,South,72.0,10,Two year,Fiber optic,50.0,466.47,3,No
C100434,2023-11-13,East,78.0,32,One year,DSL,44.83,1399.55,2,No
C100435,2025-10-03,West,49.0,9,Month-to-month,Fiber optic,75.3,669.51,2,No
C100436,2023-02-16,South,51.0,41,Month-to-month,Fiber optic,73.41,2970.86,3,No
C100437,2020-12-28,North,48.0,67,One year,DSL,59.54,3869.98,1,No
C100438,2026-01-01,North,52.0,6,Month-to-month,DSL,30.0,168.87,1,Yes
C100439,2024-02-11,North,68.0,29,Month-to-month,Fiber optic,80.04,2194.19,1,No
C100440,2020-08-30,South,35.0,71,Month-to-month,None,24.03,1672.64,0,No
C100441,2024-09-08,East,35.0,22,Month-to-month,Fiber optic,50.0,1048.16,2,Yes
C100442,2025-09-03,South,78.0,10,Month-to-month,DSL,53.68,525.31,1,Yes
C100443,2023-07-16,North,70.0,36,Month-to-month,None,22.03,749.27,2,No
C100444,2023-06-16,East,51.0,37,Two year,DSL,49.57,1688.29,2,No
C100445,2022-07-21,West,30.0,48,Two year,DSL,56.99,2648.75,2,No
C100446,2024-08-09,North,77.0,23,Month-to-month,DSL,50.16,,1,Yes
C100447,2020-10-29,East,72.0,69,Two year,DSL,30.0,2008.32,0,No
C100448,2023-05-17,East,38.0,38,Month-to-month,DSL,43.28,1548.35,2,No
C100449,2024-10-08,East,51.0,21,Two year,DSL,30.0,620.48,1,No
C100450,2020-09-29,North,44.0,70,Two year,Fiber optic,72.79,4886.38,2,No
C100451,2020-12-28,East,70.0,67,Month-to-month,DSL,61.78,4060.58,2,No
C100452,2023-07-16,East,60.0,36,One year,Fiber optic,50.1,,2,Yes
C100453,2026-05-01,East,48.0,2,Two year,None,11.94,22.76,2,No
C100454,2022-12-18,West,78.0,43,Two year,Fiber optic,54.41,2279.67,0,No
C100455,2023-03-18,East,55.0,40,Two year,Fiber optic,59.55,2301.01,4,No
C100456,2025-08-04,West,48.0,11,One year,None,24.95,263.71,0,Yes
C100457,2022-09-19,East,75.0,46,Month-to-month,Fiber optic,59.68,2668.1,3,Yes
C100458,2021-06-26,South,45.0,61,Two year,Fiber optic,72.83,4117.76,0,No
C100459,2025-11-02,West,43.0,8,One year,DSL,57.78,458.92,1,No
C100460,2022-02-21,East,42.0,53,One year,Fiber optic,78.22,3925.14,0,No
C100461,2025-08-04,East,31.0,11,Month-to-month,Fiber optic,51.58,532.19,2,Yes
C100462,2022-01-22,East,35.0,54,One year,DSL,61.63,3267.26,0,No
C100463,2023-12-13,South,23.0,31,Month-to-month,Fiber optic,82.59,2402.83,0,No
C100464,2026-05-31,East,63.0,1,One year,Fiber optic,83.63,,2,No
C100465,2020-09-29,South,54.0,70,Month-to-month,Fiber optic,63.11,4212.89,1,No
C100466,2025-07-05,North,75.0,12,One year,Fiber optic,55.98,633.96,0,No
C100467,2022-12-18,South,55.0,43,Two year,Fiber optic,53.19,2115.55,1,No
C100468,2025-05-06,West,22.0,14,Month-to-month,Fiber optic,51.78,669.35,0,Yes
C100469,2020-11-28,South,56.0,68,Month-to-month,DSL,45.14,2847.32,1,Yes
C100470,2022-01-22,East,28.0,54,Month-to-month,DSL,55.17,2742.05,1,No
C100471,2021-09-24,South,20.0,58,Two year,Fiber optic,80.68,4427.53,0,No
C100472,2023-11-13,South,59.0,32,One year,Fiber optic,59.17,1788.99,0,Yes
C100473,2023-09-14,South,19.0,34,Month-to-month,None,19.54,634.07,2,No
C100474,2022-09-19,West,43.0,46,Month-to-month,DSL,43.75,1889.0,2,No
C100475,2021-10-24,North,73.0,57,Month-to-month,Fiber optic,57.38,3025.42,0,No
C100476,2021-06-26,East,33.0,61,Month-to-month,DSL,53.83,3039.63,0,No
C100477,2026-05-01,West,61.0,2,Two year,Fiber optic,69.35,129.63,0,No
C100478,2022-07-21,North,41.0,48,One year,DSL,46.7,2119.05,1,No
C100479,2025-11-02,West,25.0,8,Month-to-month,None,24.3,181.15,3,Yes
C100480,2024-10-08,East,30.0,21,Two year,None,27.39,545.98,3,No
C100481,2021-07-26,South,22.0,60,Month-to-month,Fiber optic,72.27,4309.22,0,No
C100482,2024-12-07,North,27.0,19,Two year,Fiber optic,54.94,982.2,1,Yes
C100483,2021-09-24,West,28.0,58,Month-to-month,Fiber optic,75.76,4101.75,1,No
C100484,2023-09-14,North,72.0,34,One year,Fiber optic,68.06,2251.98,2,No
C100485,2025-02-05,West,68.0,17,Two year,Fiber optic,59.78,974.87,1,Yes
C100486,2024-06-10,East,39.0,25,Month-to-month,DSL,47.81,1104.15,2,Yes
C100487,2023-04-17,West,62.0,39,One year,Fiber optic,69.13,2650.3,1,No
C100488,2021-11-23,South,30.0,56,Two year,None,32.98,1804.82,2,No
C100489,2022-11-18,North,57.0,44,Month-to-month,Fiber optic,52.45,2303.61,4,Yes
C100490,2020-11-28,East,30.0,68,Month-to-month,Fiber optic,80.9,5474.05,3,Yes
C100491,2021-04-27,South,57.0,63,One year,None,20.28,,1,No
C100492,2021-12-23,East,40.0,55,Month-to-month,DSL,38.93,2087.37,0,No
C100493,2022-11-18,South,71.0,44,Month-to-month,Fiber optic,58.56,2454.92,1,Yes
C100494,2024-10-08,South,69.0,21,Month-to-month,DSL,32.98,686.4,1,Yes
C100495,2024-01-12,East,38.0,30,One year,Fiber optic,50.0,1446.34,1,No
C100496,2025-10-03,East,20.0,9,Month-to-month,Fiber optic,73.13,622.66,1,Yes
C100497,2024-04-11,East,37.0,27,Month-to-month,DSL,68.77,1709.66,3,No
C100498,2020-12-28,East,35.0,67,Two year,Fiber optic,50.0,3239.17,0,No
C100499,2023-12-13,East,44.0,31,Month-to-month,DSL,33.59,1001.76,4,Yes
C100500,2025-10-03,South,53.0,9,Two year,Fiber optic,74.02,656.15,3,No
C100501,2022-08-20,West,,47,Month-to-month,DSL,44.45,1953.27,1,No
C100502,2020-09-29,North,21.0,70,Two year,DSL,55.01,3793.83,2,No
C100503,2021-04-27,West,52.0,63,One year,Fiber optic,63.78,3701.6,1,No
C100504,2024-11-07,West,28.0,20,Month-to-month,Fiber optic,58.03,1122.28,1,No
C100505,2023-10-14,East,51.0,33,Two year,Fiber optic,62.29,1956.39,3,Yes
C100506,2023-04-17,North,57.0,39,Month-to-month,DSL,30.0,1107.43,3,Yes
C100507,2025-01-06,West,68.0,18,Month-to-month,DSL,31.28,537.51,1,No
C100508,2024-11-07,East,52.0,20,Month-to-month,DSL,56.38,1057.56,1,Yes
C100509,2025-01-06,West,29.0,18,One year,Fiber optic,79.3,1334.15,1,No
C100510,2020-07-31,North,74.0,72,Month-to-month,Fiber optic,81.87,5802.73,0,Yes
C100511,2022-01-22,South,43.0,54,Month-to-month,DSL,50.29,2547.89,2,No
C100512,2021-06-26,South,47.0,61,Month-to-month,Fiber optic,50.0,2985.82,8,No
C100513,2021-08-25,West,57.0,59,Month-to-month,DSL,37.38,2154.49,4,No
C100514,2020-09-29,South,34.0,70,Month-to-month,Fiber optic,80.9,5225.09,2,No
C100515,2025-11-02,North,79.0,8,Month-to-month,Fiber optic,84.48,669.41,4,Yes
C100516,2021-03-28,East,20.0,64,Month-to-month,DSL,61.35,3860.23,1,Yes
C100517,2026-01-31,North,27.0,5,Month-to-month,DSL,42.16,207.36,1,Yes
C100518,2023-08-15,South,79.0,35,One year,DSL,30.0,1033.97,1,No
C100519,2022-12-18,West,46.0,43,Month-to-month,Fiber optic,64.51,2681.29,0,No
C100520,2024-05-11,South,73.0,26,One year,None,20.18,524.4,2,No
C100521,2025-08-04,South,74.0,11,Month-to-month,None,38.79,398.67,1,Yes
C100522,2025-05-06,North,79.0,14,Month-to-month,None,22.73,294.6,0,No
C100523,2021-07-26,South,62.0,60,Month-to-month,DSL,45.2,2647.82,0,No
C100524,2024-08-09,West,60.0,23,Month-to-month,DSL,45.88,995.63,4,Yes
C100525,2024-08-09,West,56.0,23,Month-to-month,DSL,49.8,1109.5,3,Yes
C100526,2020-12-28,West,60.0,67,Two year,Fiber optic,72.52,4622.39,0,No
C100527,2025-08-04,South,33.0,11,Month-to-month,Fiber optic,56.31,586.38,2,Yes
C100528,2021-01-27,North,68.0,66,Month-to-month,DSL,32.31,2114.25,2,No
C100529,2020-12-28,North,,67,One year,Fiber optic,81.45,5082.59,0,No
C100530,2022-11-18,North,47.0,44,Month-to-month,Fiber optic,50.0,2057.26,0,No
C100531,2025-07-05,North,,12,Month-to-month,None,39.65,463.16,2,No
C100532,2025-07-05,East,65.0,12,Month-to-month,Fiber optic,50.0,589.56,0,No
C100533,2024-10-08,East,33.0,21,Month-to-month,DSL,37.99,787.08,1,Yes
C100534,2023-01-17,East,30.0,42,Month-to-month,DSL,56.66,2233.35,1,No
C100535,2025-07-05,North,68.0,12,One year,Fiber optic,65.0,772.64,3,No
C100536,2023-10-14,East,48.0,33,Two year,None,5.0,159.85,1,No
C100537,2025-10-03,North,62.0,9,Month-to-month,Fiber optic,70.12,622.15,2,No
C100538,2023-04-17,East,72.0,39,One year,None,20.8,750.75,0,No
C100539,2026-05-01,West,69.0,2,One year,DSL,42.41,80.46,3,Yes
C100540,2022-03-23,South,42.0,52,Month-to-month,Fiber optic,57.51,2876.85,0,Yes
C100541,2026-03-02,South,28.0,4,One year,Fiber optic,64.58,249.58,1,Yes
C100542,2025-04-06,South,77.0,15,One year,Fiber optic,58.02,807.57,0,No
C100543,2025-06-05,East,37.0,13,Two year,Fiber optic,94.21,1179.53,2,No
C100544,2021-07-26,East,65.0,60,Two year,Fiber optic,62.12,3627.46,3,Yes
C100545,2026-03-02,North,65.0,4,Month-to-month,None,15.51,58.87,1,No
C100546,2023-12-13,South,45.0,31,Month-to-month,Fiber optic,58.5,1741.07,1,Yes
C100547,2022-12-18,East,28.0,43,Month-to-month,None,41.32,1676.2,1,No
C100548,2023-05-17,East,47.0,38,Month-to-month,Fiber optic,50.0,1880.32,0,No
C100549,2022-05-22,East,27.0,50,Month-to-month,None,24.31,1176.53,4,No
C100550,2021-09-24,East,39.0,58,Two year,Fiber optic,62.13,3474.18,2,No
C100551,2024-02-11,South,41.0,29,Month-to-month,Fiber optic,50.0,1443.55,1,No
C100552,2021-07-26,East,50.0,60,Month-to-month,DSL,35.17,2053.64,2,No
C100553,2024-08-09,South,29.0,23,Two year,Fiber optic,68.8,1491.23,1,No
C100554,2020-08-30,South,70.0,71,Month-to-month,DSL,34.63,2388.26,1,No
C100555,2023-06-16,South,22.0,37,Month-to-month,Fiber optic,68.11,2512.33,3,Yes
C100556,2022-02-21,South,79.0,53,Two year,DSL,65.75,3212.54,0,No
C100557,2021-03-28,North,37.0,64,Month-to-month,DSL,47.05,2921.25,1,Yes
C100558,2021-09-24,North,48.0,58,Month-to-month,DSL,30.0,1622.63,3,No
C100559,2021-05-27,North,72.0,62,Month-to-month,Fiber optic,54.84,3350.16,1,Yes
C100560,2023-04-17,South,58.0,39,Two year,Fiber optic,61.58,2332.58,1,No
C100561,2026-03-02,South,21.0,4,Month-to-month,Fiber optic,60.77,241.85,3,Yes
C100562,2023-07-16,North,55.0,36,Month-to-month,Fiber optic,66.82,2341.93,0,No
C100563,2025-05-06,North,53.0,14,Month-to-month,Fiber optic,68.75,886.83,2,Yes
C100564,2021-02-26,East,75.0,65,Month-to-month,None,40.77,2546.24,0,No
C100565,2025-01-06,North,52.0,18,Two year,DSL,44.96,803.04,0,No
C100566,2025-02-05,West,79.0,17,Month-to-month,DSL,31.17,497.35,3,Yes
C100567,2025-01-06,North,50.0,18,Two year,Fiber optic,78.85,1315.17,2,No
C100568,2022-08-20,South,29.0,47,Month-to-month,Fiber optic,80.16,3683.09,1,Yes
C100569,2023-01-17,West,49.0,42,Month-to-month,DSL,47.79,1927.3,2,No
C100570,2020-10-29,North,74.0,69,Two year,Fiber optic,62.04,3954.6,2,No
C100571,2024-01-12,South,19.0,30,Month-to-month,Fiber optic,72.47,2048.86,0,No
C100572,2024-10-08,South,42.0,21,Month-to-month,DSL,42.47,,1,Yes
C100573,2026-03-02,East,20.0,4,Two year,DSL,30.0,116.81,2,Yes
C100574,2026-05-31,West,70.0,1,Month-to-month,None,26.76,25.63,1,Yes
C100575,2024-04-11,East,49.0,27,Month-to-month,Fiber optic,75.71,,1,No
C100576,2020-12-28,South,62.0,67,Two year,DSL,62.29,4108.86,3,No
C100577,2023-05-17,South,78.0,38,Month-to-month,Fiber optic,56.23,2013.39,1,No
C100578,2021-02-26,East,69.0,65,Month-to-month,Fiber optic,67.71,4285.87,1,No
C100579,2025-11-02,South,43.0,8,Month-to-month,DSL,47.97,364.34,0,Yes
C100580,2025-12-02,East,75.0,7,Month-to-month,Fiber optic,66.02,440.64,3,Yes
C100581,2021-06-26,South,47.0,61,Month-to-month,DSL,46.38,2728.67,3,Yes
C100582,2025-11-02,North,78.0,8,One year,Fiber optic,65.45,510.85,1,Yes
C100583,2026-03-02,East,78.0,4,Month-to-month,Fiber optic,67.54,268.98,1,Yes
C100584,2024-01-12,South,31.0,30,One year,None,28.89,816.02,2,No
C100585,2020-12-28,South,66.0,67,Month-to-month,Fiber optic,79.64,4953.3,0,No
C100586,2022-05-22,South,61.0,50,Month-to-month,DSL,35.92,1713.93,1,Yes
C100587,2025-11-02,North,65.0,8,Month-to-month,Fiber optic,62.93,485.18,5,Yes
C100588,2021-06-26,South,28.0,61,One year,None,14.93,854.48,1,No
C100589,2021-06-26,West,49.0,61,Month-to-month,Fiber optic,58.21,3519.7,0,No
C100590,2021-09-24,South,27.0,58,Month-to-month,Fiber optic,50.0,2853.33,0,Yes
C100591,2021-02-26,East,73.0,65,Two year,DSL,45.29,2824.6,1,No
C100592,2025-01-06,South,72.0,18,One year,Fiber optic,70.75,1217.47,2,No
C100593,2020-08-30,North,54.0,71,Month-to-month,Fiber optic,63.14,4138.92,3,No
C100594,2024-07-10,West,26.0,24,Two year,None,19.89,459.67,3,No
C100595,2021-09-24,West,58.0,58,Month-to-month,DSL,50.02,2807.34,2,No
C100596,2023-01-17,North,45.0,42,Month-to-month,DSL,61.93,2578.51,4,No
C100597,2021-10-24,North,66.0,57,Month-to-month,DSL,39.96,2186.81,2,No
C100598,2022-09-19,West,24.0,46,Month-to-month,DSL,30.94,1327.3,0,No
C100599,2022-08-20,North,43.0,47,Month-to-month,None,18.91,830.47,2,No
C100600,2022-10-19,West,,45,One year,DSL,67.6,2837.55,2,No
C100601,2021-10-24,North,77.0,57,Month-to-month,Fiber optic,51.07,2896.68,2,No
C100602,2022-01-22,West,36.0,54,Two year,Fiber optic,72.8,3866.22,0,No
C100603,2025-09-03,West,79.0,10,Two year,DSL,58.89,580.64,0,No
C100604,2021-07-26,North,75.0,60,One year,DSL,30.0,1777.02,0,No
C100605,2023-04-17,North,54.0,39,One year,DSL,49.92,1806.02,1,No
C100606,2024-07-10,North,28.0,24,One year,Fiber optic,72.24,1692.45,1,Yes
C100607,2023-05-17,West,31.0,38,Two year,Fiber optic,61.79,2292.48,1,No
C100608,2020-09-29,South,19.0,70,Month-to-month,DSL,37.24,2445.14,2,No
C100609,2021-05-27,East,66.0,62,Month-to-month,None,12.91,767.81,5,No
C100610,2021-06-26,East,62.0,61,Month-to-month,Fiber optic,61.06,3624.07,1,No
C100611,2023-09-14,East,37.0,34,Month-to-month,DSL,41.37,1395.03,5,No
C100612,2021-10-24,North,63.0,57,Month-to-month,DSL,39.11,2070.62,1,No
C100613,2024-03-12,South,53.0,28,One year,None,15.87,440.53,2,Yes
C100614,2022-05-22,East,68.0,50,Month-to-month,Fiber optic,79.29,3939.89,0,No
C100615,2022-08-20,North,23.0,47,Two year,None,5.43,253.65,1,No
C100616,2025-01-06,South,30.0,18,Month-to-month,DSL,30.0,497.01,2,No
C100617,2024-11-07,East,68.0,20,Month-to-month,DSL,59.48,1115.46,2,No
C100618,2026-01-31,South,40.0,5,Month-to-month,Fiber optic,62.7,305.76,1,Yes
C100619,2025-08-04,South,77.0,11,Month-to-month,DSL,40.34,419.66,1,No
C100620,2023-11-13,West,72.0,32,Month-to-month,DSL,43.67,1292.47,0,No
C100621,2023-08-15,East,23.0,35,Month-to-month,Fiber optic,67.51,2318.04,0,No
C100622,2025-07-05,East,43.0,12,Month-to-month,Fiber optic,58.71,649.77,0,Yes
C100623,2023-12-13,North,63.0,31,Month-to-month,DSL,51.07,1513.01,1,No
C100624,2022-11-18,West,26.0,44,Month-to-month,DSL,33.45,1465.63,2,No
C100625,2025-02-05,West,71.0,17,Month-to-month,Fiber optic,61.38,996.73,1,Yes
C100626,2024-06-10,West,24.0,25,Month-to-month,Fiber optic,50.0,1241.19,0,No
C100627,2024-04-11,East,24.0,27,Month-to-month,Fiber optic,79.07,2033.95,0,Yes
C100628,2023-06-16,East,51.0,37,Month-to-month,None,17.89,627.33,2,No
C100629,2024-04-11,East,33.0,27,Month-to-month,None,28.04,703.02,2,No
C100630,2022-01-22,East,57.0,54,Month-to-month,Fiber optic,70.72,3622.77,2,Yes
C100631,2024-07-10,South,42.0,24,One year,Fiber optic,71.6,1627.25,2,Yes
C100632,2023-11-13,East,34.0,32,Two year,Fiber optic,64.91,2051.62,2,Yes
C100633,2024-03-12,South,69.0,28,Two year,DSL,49.66,1381.57,2,No
C100634,2025-05-06,West,27.0,14,Month-to-month,None,8.46,109.17,1,No
C100635,2022-05-22,South,48.0,50,Month-to-month,DSL,30.95,1435.86,1,Yes
C100636,2025-02-05,South,28.0,17,Month-to-month,Fiber optic,63.79,1053.48,3,Yes
C100637,2024-09-08,North,26.0,22,One year,Fiber optic,56.84,1198.93,5,No
C100638,2021-09-24,West,30.0,58,One year,Fiber optic,82.11,4494.5,1,No
C100639,2020-10-29,East,33.0,69,Two year,None,24.5,1590.41,1,No
C100640,2022-06-21,North,43.0,49,Two year,DSL,36.4,1672.97,2,No
C100641,2021-01-27,North,46.0,66,Month-to-month,DSL,41.74,2650.26,0,Yes
C100642,2021-05-27,West,26.0,62,One year,Fiber optic,66.6,3804.64,2,No
C100643,2023-08-15,North,20.0,35,Two year,None,19.18,657.28,1,Yes
C100644,2021-11-23,South,23.0,56,Month-to-month,Fiber optic,68.26,3608.62,2,No
C100645,2024-07-10,North,57.0,24,Two year,None,20.82,476.77,1,No
C100646,2023-09-14,East,78.0,34,Month-to-month,None,5.0,163.57,1,Yes
C100647,2023-04-17,North,19.0,39,Two year,DSL,30.0,1096.18,1,No
C100648,2020-09-29,South,20.0,70,One year,None,15.52,1076.29,0,No
C100649,2021-05-27,East,66.0,62,Month-to-month,Fiber optic,71.73,4334.15,1,No
C100650,2023-07-16,South,62.0,36,One year,DSL,40.65,,3,Yes
C100651,2022-08-20,East,63.0,47,Month-to-month,Fiber optic,79.84,3595.01,1,No
C100652,2025-04-06,East,28.0,15,One year,DSL,44.44,636.33,1,Yes
C100653,2021-09-24,South,71.0,58,One year,Fiber optic,81.29,4427.08,2,Yes
C100654,2023-03-18,South,56.0,40,One year,Fiber optic,78.82,3038.0,2,Yes
C100655,2023-04-17,South,27.0,39,Two year,Fiber optic,77.62,2928.65,1,No
C100656,2021-11-23,South,25.0,56,Month-to-month,Fiber optic,50.56,2699.97,0,Yes
C100657,2022-09-19,East,55.0,46,Month-to-month,DSL,45.21,1937.47,1,Yes
C100658,2026-01-01,West,66.0,6,Month-to-month,DSL,59.67,337.2,1,No
C100659,2024-10-08,East,66.0,21,Month-to-month,Fiber optic,68.27,1320.61,0,No
C100660,2025-06-05,North,54.0,13,Month-to-month,None,26.65,327.58,3,Yes
C100661,2022-02-21,West,49.0,53,Month-to-month,None,5.0,256.11,1,No
C100662,2026-04-01,West,61.0,3,Month-to-month,Fiber optic,88.03,263.15,1,Yes
C100663,2025-04-06,West,26.0,15,Month-to-month,Fiber optic,55.5,777.75,4,Yes
C100664,2022-11-18,North,40.0,44,Two year,DSL,30.0,1220.26,3,No
C100665,2022-04-22,West,24.0,51,Month-to-month,DSL,40.79,1963.18,1,No
C100666,2023-06-16,South,70.0,37,Two year,Fiber optic,50.0,1725.21,1,No
C100667,2021-05-27,West,55.0,62,Month-to-month,DSL,31.98,1934.46,0,No
C100668,2020-12-28,West,66.0,67,Month-to-month,Fiber optic,95.0,5858.73,1,Yes
C100669,2025-09-03,West,48.0,10,Month-to-month,Fiber optic,60.44,603.47,1,Yes
C100670,2020-10-29,North,75.0,69,Month-to-month,DSL,30.0,2046.1,0,No
C100671,2022-10-19,East,75.0,45,Month-to-month,DSL,45.3,1955.44,2,No
C100672,2022-09-19,East,56.0,46,Month-to-month,None,9.23,421.89,0,No
C100673,2025-12-02,East,69.0,7,Month-to-month,Fiber optic,75.37,511.89,2,No
C100674,2022-10-19,West,58.0,45,Month-to-month,Fiber optic,54.33,2443.63,1,No
C100675,2022-02-21,East,62.0,53,One year,Fiber optic,68.25,3408.41,2,No
C100676,2023-01-17,North,33.0,42,Month-to-month,Fiber optic,51.24,2151.55,0,No
C100677,2025-12-02,North,78.0,7,Two year,Fiber optic,95.0,621.39,0,No
C100678,2023-05-17,East,29.0,38,Month-to-month,DSL,51.04,1839.2,4,No
C100679,2020-11-28,South,61.0,68,Two year,DSL,43.25,2925.78,2,No
C100680,2022-02-21,South,55.0,53,One year,DSL,41.48,2087.73,1,No
C100681,2025-09-03,West,23.0,10,Two year,Fiber optic,58.36,546.71,4,Yes
C100682,2020-09-29,North,66.0,70,Two year,Fiber optic,55.87,3616.64,0,No
C100683,2020-09-29,East,22.0,70,Month-to-month,DSL,35.54,2318.42,3,No
C100684,2025-06-05,South,49.0,13,Month-to-month,Fiber optic,85.14,1049.73,1,Yes
C100685,2021-09-24,North,68.0,58,Month-to-month,None,13.37,739.56,3,Yes
C100686,2024-01-12,South,25.0,30,Two year,Fiber optic,50.0,1445.09,1,No
C100687,2022-12-18,South,40.0,43,One year,DSL,31.01,1313.54,1,No
C100688,2023-10-14,South,49.0,33,Month-to-month,None,31.13,946.21,2,Yes
C100689,2021-10-24,North,75.0,57,Two year,DSL,41.97,2361.88,2,No
C100690,2020-07-31,East,41.0,72,Month-to-month,DSL,43.39,3018.42,2,Yes
C100691,2021-09-24,South,25.0,58,One year,DSL,59.04,3357.61,1,No
C100692,2020-11-28,East,26.0,68,One year,Fiber optic,55.67,3711.96,2,No
C100693,2020-10-29,East,30.0,69,Month-to-month,DSL,52.59,3600.61,2,No
C100694,2025-12-02,East,71.0,7,One year,None,11.99,77.84,2,No
C100695,2024-12-07,East,65.0,19,Two year,None,26.91,493.76,5,No
C100696,2022-03-23,South,43.0,52,Month-to-month,Fiber optic,60.31,3113.3,4,Yes
C100697,2022-12-18,South,70.0,43,Month-to-month,Fiber optic,62.1,2610.32,1,No
C100698,2026-03-02,East,74.0,4,Month-to-month,DSL,54.84,203.51,4,Yes
C100699,2025-12-02,North,71.0,7,One year,DSL,53.98,366.19,0,No
C100700,2023-05-17,East,18.0,38,Month-to-month,Fiber optic,63.01,2356.05,1,No
C100701,2022-10-19,South,24.0,45,Two year,Fiber optic,59.34,2515.39,2,No
C100702,2025-06-05,South,62.0,13,Two year,Fiber optic,84.19,1062.29,0,No
C100703,2025-06-05,North,41.0,13,Month-to-month,DSL,52.07,,3,No
C100704,2025-09-03,South,27.0,10,Month-to-month,Fiber optic,60.31,580.13,0,Yes
C100705,2023-02-16,South,58.0,41,One year,Fiber optic,57.16,2192.48,1,No
C100706,2026-05-31,West,40.0,1,One year,Fiber optic,77.3,74.52,2,Yes
C100707,2023-01-17,East,74.0,42,Month-to-month,None,21.38,868.36,2,Yes
C100708,2023-08-15,South,53.0,35,Month-to-month,Fiber optic,63.04,2101.0,1,Yes
C100709,2023-09-14,North,32.0,34,Month-to-month,Fiber optic,66.38,2199.07,3,Yes
C100710,2022-06-21,South,75.0,49,Two year,DSL,49.05,2294.49,1,No
C100711,2023-05-17,West,55.0,38,Month-to-month,Fiber optic,64.32,2420.19,1,Yes
C100712,2022-02-21,North,36.0,53,Two year,None,34.44,1794.89,1,No
C100713,2021-11-23,East,26.0,56,Month-to-month,None,35.11,1935.45,3,No
C100714,2020-12-28,East,52.0,67,Two year,Fiber optic,71.38,4601.14,0,No
C100715,2021-09-24,North,64.0,58,Month-to-month,Fiber optic,81.5,4423.09,1,Yes
C100716,2023-05-17,West,69.0,38,Month-to-month,Fiber optic,65.1,2419.26,0,No
C100717,2023-07-16,South,25.0,36,Two year,Fiber optic,73.28,2441.58,2,Yes
C100718,2025-02-05,East,44.0,17,Two year,Fiber optic,77.05,1259.3,1,No
C100719,2022-11-18,North,79.0,44,Month-to-month,Fiber optic,77.23,3140.67,0,No
C100720,2025-08-04,West,58.0,11,Month-to-month,Fiber optic,75.99,804.35,2,Yes
C100721,2020-11-28,North,23.0,68,Month-to-month,DSL,52.57,3484.94,2,No
C100722,2021-06-26,South,74.0,61,Month-to-month,Fiber optic,88.49,5147.08,2,Yes
C100723,2025-10-03,West,60.0,9,Month-to-month,Fiber optic,58.52,502.11,1,Yes
C100724,2021-10-24,East,46.0,57,Two year,DSL,43.14,2286.42,0,No
C100725,2025-10-03,East,66.0,9,Month-to-month,Fiber optic,62.43,530.49,0,No
C100726,2022-03-23,South,58.0,52,One year,Fiber optic,60.58,3010.11,1,No
C100727,2025-12-02,West,33.0,7,Month-to-month,Fiber optic,50.0,346.18,2,No
C100728,2023-07-16,West,67.0,36,Month-to-month,Fiber optic,81.5,2910.05,2,Yes
C100729,2022-07-21,East,33.0,48,One year,Fiber optic,52.69,2519.73,2,No
C100730,2022-02-21,North,32.0,53,Month-to-month,DSL,47.04,2313.67,2,Yes
C100731,2023-12-13,West,54.0,31,One year,None,5.0,146.27,3,No
C100732,2020-12-28,North,19.0,67,Month-to-month,Fiber optic,72.45,4645.58,1,No
C100733,2021-11-23,West,57.0,56,Two year,Fiber optic,55.58,3023.27,3,No
C100734,2025-04-06,North,52.0,15,One year,DSL,31.37,459.36,5,Yes
C100735,2022-06-21,North,62.0,49,Two year,DSL,47.33,2279.47,3,No
C100736,2022-02-21,North,27.0,53,Month-to-month,Fiber optic,56.59,2878.31,1,No
C100737,2024-06-10,North,53.0,25,Month-to-month,Fiber optic,58.11,1401.22,1,No
C100738,2022-01-22,East,45.0,54,Month-to-month,Fiber optic,67.06,3609.82,1,No
C100739,2021-02-26,South,28.0,65,Month-to-month,DSL,54.6,3333.23,2,No
C100740,2021-08-25,North,46.0,59,Month-to-month,Fiber optic,55.18,3204.51,3,Yes
C100741,2021-12-23,South,75.0,55,Month-to-month,Fiber optic,53.11,2853.71,0,No
C100742,2022-09-19,West,69.0,46,Month-to-month,Fiber optic,65.28,2796.3,3,Yes
C100743,2024-11-07,East,28.0,20,Month-to-month,Fiber optic,71.47,1420.99,4,Yes
C100744,2021-09-24,East,70.0,58,Month-to-month,DSL,62.55,3585.92,3,No
C100745,2024-04-11,South,53.0,27,Month-to-month,DSL,32.14,852.47,2,Yes
C100746,2023-04-17,East,20.0,39,Month-to-month,DSL,41.18,1493.83,1,No
C100747,2024-08-09,West,75.0,23,One year,Fiber optic,79.11,1694.3,2,Yes
C100748,2024-08-09,East,50.0,23,Month-to-month,Fiber optic,88.68,1987.95,1,Yes
C100749,2025-07-05,North,74.0,12,Month-to-month,DSL,33.08,368.61,3,Yes
C100750,2020-09-29,East,24.0,70,Month-to-month,DSL,36.13,2349.7,3,No
C100751,2025-08-04,West,28.0,11,One year,Fiber optic,69.57,728.55,0,Yes
C100752,2025-12-02,North,73.0,7,Month-to-month,Fiber optic,58.07,374.15,1,Yes
C100753,2020-11-28,South,32.0,68,One year,DSL,35.89,2386.14,2,No
C100754,2023-03-18,East,52.0,40,Two year,DSL,47.93,1846.68,3,No
C100755,2023-11-13,North,55.0,32,Month-to-month,None,38.59,1143.81,0,No
C100756,2022-01-22,East,76.0,54,Two year,DSL,30.0,1560.85,2,No
C100757,2024-03-12,West,38.0,28,One year,Fiber optic,82.98,2147.62,1,Yes
C100758,2025-09-03,East,64.0,10,Month-to-month,Fiber optic,58.1,537.81,2,Yes
C100759,2022-02-21,South,63.0,53,Month-to-month,Fiber optic,69.15,,3,No
C100760,2025-06-05,North,61.0,13,One year,DSL,64.09,799.83,1,Yes
C100761,2023-03-18,East,50.0,40,Two year,DSL,48.9,1852.57,2,No
C100762,2020-10-29,West,22.0,69,Month-to-month,Fiber optic,61.43,4110.42,2,No
C100763,2020-11-28,West,34.0,68,Month-to-month,None,28.62,1850.78,3,No
C100764,2024-05-11,East,52.0,26,One year,Fiber optic,62.92,1581.86,0,No
C100765,2021-10-24,North,,57,Month-to-month,Fiber optic,71.26,3850.54,0,No
C100766,2022-10-19,South,29.0,45,One year,Fiber optic,62.54,2750.13,3,Yes
C100767,2023-08-15,South,60.0,35,Month-to-month,None,30.33,1025.82,1,No
C100768,2025-08-04,North,46.0,11,One year,None,5.0,51.3,2,No
C100769,2024-03-12,North,66.0,28,Two year,DSL,32.84,896.44,2,No
C100770,2022-08-20,East,51.0,47,One year,None,5.0,230.94,1,Yes
C100771,2020-07-31,North,40.0,72,One year,None,19.32,1287.09,0,No
C100772,2026-05-31,North,24.0,1,One year,DSL,30.0,29.06,0,No
C100773,2022-03-23,West,24.0,52,Two year,None,11.7,598.2,2,No
C100774,2021-06-26,East,49.0,61,Two year,Fiber optic,51.71,2930.9,2,No
C100775,2020-10-29,West,39.0,69,Month-to-month,DSL,62.76,4296.37,3,No
C100776,2023-12-13,North,62.0,31,One year,DSL,33.11,978.36,1,No
C100777,2025-10-03,South,57.0,9,Month-to-month,DSL,30.0,264.34,4,Yes
C100778,2024-11-07,East,35.0,20,Two year,Fiber optic,67.98,1348.62,3,No
C100779,2021-05-27,East,65.0,62,One year,DSL,65.24,4041.53,0,No
C100780,2021-03-28,South,53.0,64,Month-to-month,None,18.61,1151.4,0,No
C100781,2022-09-19,West,72.0,46,Month-to-month,Fiber optic,64.54,2898.6,0,Yes
C100782,2025-10-03,East,77.0,9,Month-to-month,None,35.49,300.29,1,Yes
C100783,2025-10-03,North,77.0,9,One year,Fiber optic,75.54,641.25,3,Yes
C100784,2023-08-15,North,25.0,35,Month-to-month,Fiber optic,70.1,2424.21,2,No
C100785,2022-12-18,North,50.0,43,Month-to-month,Fiber optic,58.01,2374.35,0,Yes
C100786,2026-04-01,West,19.0,3,Two year,DSL,50.47,149.26,1,No
C100787,2022-05-22,West,72.0,50,One year,DSL,30.0,1386.07,2,No
C100788,2023-03-18,South,61.0,40,Month-to-month,Fiber optic,57.52,2156.91,1,No
C100789,2026-05-31,East,34.0,1,Month-to-month,DSL,62.18,58.05,3,Yes
C100790,2025-12-02,West,55.0,7,Two year,Fiber optic,80.62,542.99,0,Yes
C100791,2023-10-14,North,52.0,33,One year,Fiber optic,70.25,2147.73,2,No
C100792,2022-02-21,West,51.0,53,One year,None,5.0,251.09,1,No
C100793,2021-07-26,South,51.0,60,Month-to-month,DSL,30.5,1827.99,2,No
C100794,2023-11-13,South,79.0,32,Month-to-month,DSL,36.85,1159.79,1,No
C100795,2024-09-08,North,65.0,22,Month-to-month,DSL,42.94,926.59,3,Yes
C100796,2020-09-29,East,42.0,70,One year,None,5.0,325.78,3,No
C100797,2023-09-14,East,65.0,34,Month-to-month,Fiber optic,62.04,2002.13,1,No
C100798,2024-08-09,North,26.0,23,Month-to-month,Fiber optic,86.21,1932.16,3,Yes
C100799,2023-11-13,East,35.0,32,One year,Fiber optic,69.81,2059.07,1,No
C100800,2026-05-31,North,25.0,1,Two year,DSL,47.63,45.47,3,Yes
C100801,2024-09-08,South,72.0,22,One year,DSL,32.79,717.26,1,Yes
C100802,2023-05-17,East,19.0,38,Month-to-month,DSL,30.0,,1,Yes
C100803,2020-12-28,West,73.0,67,Month-to-month,Fiber optic,50.26,3342.17,0,No
C100804,2022-01-22,North,69.0,54,Month-to-month,Fiber optic,50.0,2526.02,0,Yes
C100805,2021-10-24,South,76.0,57,Month-to-month,DSL,45.9,2446.58,2,No
C100806,2023-03-18,South,65.0,40,Month-to-month,None,24.61,921.04,2,No
C100807,2025-11-02,East,46.0,8,Month-to-month,Fiber optic,53.42,425.01,0,Yes
C100808,2024-02-11,West,68.0,29,One year,Fiber optic,66.78,1875.23,3,No
C100809,2020-07-31,East,79.0,72,Two year,Fiber optic,82.63,5830.75,1,Yes
C100810,2026-03-02,West,73.0,4,Two year,Fiber optic,88.49,336.02,1,Yes
C100811,2021-03-28,South,66.0,64,Month-to-month,Fiber optic,74.24,4703.18,2,No
C100812,2022-05-22,East,65.0,50,Month-to-month,Fiber optic,62.9,3039.82,0,No
C100813,2024-10-08,South,58.0,21,Month-to-month,DSL,53.86,1094.85,1,Yes
C100814,2021-10-24,West,73.0,57,Month-to-month,Fiber optic,81.22,4537.81,1,No
C100815,2021-06-26,North,44.0,61,Month-to-month,Fiber optic,50.0,2994.77,0,No
C100816,2026-03-02,West,,4,Month-to-month,Fiber optic,82.78,322.69,1,Yes
C100817,2025-11-02,East,70.0,8,One year,None,13.46,100.09,1,No
C100818,2022-07-21,West,34.0,48,Month-to-month,Fiber optic,58.58,2781.86,3,No
C100819,2020-07-31,East,65.0,72,Two year,Fiber optic,60.74,4114.7,1,No
C100820,2026-05-01,South,24.0,2,Month-to-month,Fiber optic,68.84,137.64,1,Yes
C100821,2022-07-21,South,54.0,48,Month-to-month,DSL,31.66,1444.97,3,No
C100822,2025-09-03,North,20.0,10,Month-to-month,None,16.58,154.13,0,No
C100823,2022-08-20,West,79.0,47,Month-to-month,Fiber optic,71.3,3167.75,2,Yes
C100824,2022-10-19,North,70.0,45,Month-to-month,Fiber optic,67.62,2939.08,1,Yes
C100825,2025-12-02,West,33.0,7,Two year,Fiber optic,69.57,463.28,2,No
C100826,2022-05-22,East,27.0,50,Month-to-month,DSL,41.11,2027.33,4,Yes
C100827,2021-02-26,North,57.0,65,Month-to-month,None,28.32,1794.0,3,Yes
C100828,2021-04-27,West,73.0,63,One year,Fiber optic,77.68,4585.9,0,No
C100829,2026-04-01,North,37.0,3,Month-to-month,Fiber optic,76.96,222.36,1,No
C100830,2025-01-06,North,77.0,18,One year,DSL,50.13,887.0,0,Yes
C100831,2025-01-06,East,46.0,18,Month-to-month,DSL,56.27,1004.05,2,Yes
C100832,2023-10-14,North,45.0,33,Two year,Fiber optic,75.45,2369.33,5,No
C100833,2025-08-04,North,39.0,11,Month-to-month,Fiber optic,95.0,1038.69,3,Yes
C100834,2021-05-27,East,34.0,62,Month-to-month,Fiber optic,79.62,4555.73,2,No
C100835,2021-11-23,West,38.0,56,One year,DSL,43.94,2397.0,1,No
C100836,2021-08-25,North,28.0,59,Two year,DSL,34.06,1974.49,3,No
C100837,2025-04-06,East,41.0,15,Month-to-month,DSL,41.87,599.17,1,Yes
C100838,2026-05-01,East,35.0,2,One year,DSL,41.02,75.55,1,No
C100839,2021-01-27,North,21.0,66,Month-to-month,Fiber optic,71.14,4577.68,2,No
C100840,2024-10-08,North,40.0,21,Month-to-month,Fiber optic,56.6,1126.09,1,Yes
C100841,2022-07-21,South,20.0,48,Month-to-month,Fiber optic,79.31,3548.56,3,Yes
C100842,2021-01-27,East,29.0,66,One year,None,5.0,307.75,3,No
C100843,2026-04-01,North,62.0,3,Month-to-month,DSL,30.0,88.34,0,No
C100844,2026-05-31,South,19.0,1,One year,Fiber optic,63.38,59.26,2,Yes
C100845,2026-05-31,South,37.0,1,Month-to-month,Fiber optic,54.89,52.62,1,Yes
C100846,2025-07-05,East,60.0,12,Two year,DSL,30.0,359.15,1,No
C100847,2026-03-02,North,19.0,4,Two year,DSL,37.36,146.56,5,Yes
C100848,2021-07-26,East,63.0,60,Month-to-month,DSL,35.86,2073.66,3,No
C100849,2022-11-18,West,23.0,44,Month-to-month,Fiber optic,65.12,2757.15,0,No
C100850,2020-08-30,East,21.0,71,Month-to-month,None,12.55,831.69,2,No
C100851,2021-09-24,East,30.0,58,Two year,DSL,38.53,2135.77,2,No
C100852,2020-09-29,North,71.0,70,Month-to-month,DSL,44.94,2930.6,2,No
C100853,2025-01-06,West,20.0,18,Month-to-month,DSL,57.17,953.62,0,No
C100854,2024-10-08,South,24.0,21,Month-to-month,None,37.65,734.3,2,Yes
C100855,2021-05-27,North,76.0,62,One year,None,21.77,1307.26,0,No
C100856,2025-01-06,East,55.0,18,Month-to-month,DSL,47.71,803.38,1,No
C100857,2026-01-31,South,53.0,5,Month-to-month,Fiber optic,62.8,292.63,1,Yes
C100858,2022-06-21,South,20.0,49,Two year,Fiber optic,70.77,3430.87,1,No
C100859,2021-09-24,West,42.0,58,Month-to-month,DSL,49.68,2679.05,1,No
C100860,2020-09-29,East,53.0,70,Two year,DSL,60.91,4163.29,0,No
C100861,2020-12-28,South,51.0,67,Month-to-month,Fiber optic,50.0,3193.76,0,No
C100862,2025-10-03,West,50.0,9,Month-to-month,Fiber optic,62.19,540.86,0,Yes
C100863,2021-11-23,South,24.0,56,Two year,None,24.07,1242.6,0,No
C100864,2021-06-26,West,79.0,61,One year,None,19.68,1104.44,2,No
C100865,2022-04-22,West,61.0,51,One year,None,8.73,438.72,0,No
C100866,2021-07-26,South,32.0,60,Month-to-month,Fiber optic,50.0,2874.11,5,Yes
C100867,2021-06-26,West,78.0,61,Month-to-month,DSL,54.68,3087.67,2,No
C100868,2023-10-14,East,36.0,33,Month-to-month,DSL,35.92,1123.1,1,No
C100869,2026-04-01,West,26.0,3,Month-to-month,Fiber optic,50.0,144.08,0,Yes
C100870,2023-10-14,South,73.0,33,Month-to-month,Fiber optic,75.28,2312.43,1,Yes
C100871,2025-04-06,South,27.0,15,Month-to-month,None,25.51,368.76,3,No
C100872,2025-10-03,South,21.0,9,Month-to-month,Fiber optic,63.61,550.91,2,Yes
C100873,2025-10-03,East,56.0,9,Month-to-month,DSL,34.03,296.54,1,Yes
C100874,2022-04-22,East,34.0,51,Month-to-month,DSL,43.64,,2,Yes
C100875,2023-06-16,South,27.0,37,Month-to-month,DSL,59.59,2101.25,1,Yes
C100876,2023-04-17,South,24.0,39,Two year,Fiber optic,50.0,1932.62,0,Yes
C100877,2022-01-22,South,25.0,54,One year,DSL,30.0,1551.92,1,No
C100878,2023-03-18,East,77.0,40,Month-to-month,Fiber optic,57.47,2198.97,0,No
C100879,2022-09-19,North,59.0,46,One year,DSL,44.68,1998.67,2,No
C100880,2025-12-02,East,70.0,7,Two year,Fiber optic,59.04,400.63,1,No
C100881,2021-05-27,West,56.0,62,Month-to-month,DSL,52.71,3009.57,5,No
C100882,2023-10-14,South,51.0,33,Month-to-month,DSL,58.07,1913.62,0,No
C100883,2025-07-05,South,31.0,12,Month-to-month,Fiber optic,68.35,816.44,3,No
C100884,2021-08-25,North,77.0,59,Month-to-month,Fiber optic,71.73,3988.74,2,No
C100885,2022-02-21,East,69.0,53,One year,DSL,48.27,2467.97,1,No
C100886,2026-03-02,South,50.0,4,Two year,Fiber optic,65.11,255.66,1,No
C100887,2025-05-06,West,24.0,14,Month-to-month,Fiber optic,50.0,695.55,0,Yes
C100888,2026-05-01,West,65.0,2,One year,DSL,32.66,63.16,1,No
C100889,2024-11-07,West,38.0,20,Month-to-month,None,5.0,92.15,2,No
C100890,2025-11-02,North,30.0,8,One year,DSL,43.22,336.93,2,No
C100891,2022-03-23,North,63.0,52,One year,Fiber optic,67.79,3269.32,2,No
C100892,2023-05-17,South,69.0,38,Month-to-month,None,5.0,185.0,2,Yes
C100893,2020-08-30,East,56.0,71,Month-to-month,DSL,45.87,3149.28,0,No
C100894,2022-01-22,North,22.0,54,One year,Fiber optic,54.5,2858.4,3,Yes
C100895,2022-10-19,South,55.0,45,Two year,Fiber optic,52.17,2195.38,2,Yes
C100896,2023-06-16,North,74.0,37,Month-to-month,Fiber optic,57.5,2041.31,2,No
C100897,2026-03-02,South,60.0,4,Month-to-month,Fiber optic,51.55,199.9,1,Yes
C100898,2026-01-01,South,34.0,6,Month-to-month,DSL,52.28,296.12,1,Yes
C100899,2022-10-19,North,58.0,45,One year,Fiber optic,62.98,2648.55,0,No
C100900,2026-05-31,South,33.0,1,One year,DSL,54.78,51.37,0,No
C100901,2026-03-02,East,72.0,4,One year,Fiber optic,59.68,236.01,0,No
C100902,2025-03-07,West,70.0,16,One year,Fiber optic,60.13,920.87,0,No
C100903,2021-03-28,West,53.0,64,Two year,Fiber optic,87.48,5446.92,1,No
C100904,2023-09-14,South,26.0,34,Two year,DSL,30.0,980.41,1,No
C100905,2022-03-23,West,42.0,52,Month-to-month,DSL,60.41,3099.64,1,No
C100906,2024-01-12,South,25.0,30,One year,Fiber optic,84.85,2445.41,3,No
C100907,2025-06-05,South,65.0,13,Month-to-month,Fiber optic,74.19,894.51,2,No
C100908,2024-04-11,West,60.0,27,Month-to-month,Fiber optic,61.03,1542.08,2,No
C100909,2025-12-02,South,34.0,7,Two year,DSL,62.12,400.51,2,No
C100910,2021-11-23,East,71.0,56,One year,Fiber optic,61.14,3377.69,1,No
C100911,2025-05-06,North,65.0,14,Two year,DSL,36.53,497.64,0,No
C100912,2024-03-12,South,76.0,28,Month-to-month,Fiber optic,60.34,1656.97,0,Yes
C100913,2020-08-30,West,35.0,71,Month-to-month,Fiber optic,58.16,4035.22,4,No
C100914,2022-12-18,North,28.0,43,Month-to-month,DSL,33.64,1426.21,1,No
C100915,2023-09-14,West,47.0,34,Month-to-month,DSL,58.32,1980.81,0,Yes
C100916,2023-03-18,South,34.0,40,Month-to-month,Fiber optic,55.72,2167.01,2,No
C100917,2021-10-24,West,63.0,57,Month-to-month,None,19.64,1052.51,2,No
C100918,2024-12-07,South,44.0,19,Month-to-month,Fiber optic,50.0,881.71,3,No
C100919,2022-09-19,South,56.0,46,Two year,Fiber optic,65.37,2908.33,0,No
C100920,2021-04-27,South,28.0,63,Month-to-month,Fiber optic,51.13,3162.12,4,Yes
C100921,2023-01-17,North,23.0,42,Month-to-month,DSL,30.83,1249.44,0,Yes
C100922,2023-10-14,West,76.0,33,One year,DSL,43.69,1361.44,1,No
C100923,2025-08-04,East,45.0,11,Month-to-month,Fiber optic,77.68,835.32,2,Yes
C100924,2025-01-06,East,26.0,18,Two year,None,25.28,434.94,1,No
C100925,2020-10-29,South,68.0,69,One year,DSL,51.11,3325.32,1,No
C100926,2023-04-17,West,26.0,39,Month-to-month,None,18.44,,1,No
C100927,2024-09-08,South,79.0,22,One year,DSL,40.97,870.8,0,No
C100928,2023-12-13,North,41.0,31,One year,None,29.49,861.78,0,No
C100929,2023-01-17,North,46.0,42,One year,DSL,38.24,1519.81,2,No
C100930,2023-04-17,West,34.0,39,Two year,Fiber optic,75.01,2825.15,1,No
C100931,2022-04-22,North,23.0,51,One year,Fiber optic,79.83,3883.37,1,No
C100932,2024-12-07,West,43.0,19,One year,DSL,34.9,618.57,1,No
C100933,2022-08-20,South,40.0,47,Month-to-month,Fiber optic,56.67,2580.49,1,No
C100934,2023-11-13,North,45.0,32,One year,DSL,38.45,1199.8,1,Yes
C100935,2020-11-28,West,48.0,68,Two year,Fiber optic,50.0,3128.03,1,Yes
C100936,2025-07-05,East,57.0,12,One year,DSL,39.37,454.94,2,No
C100937,2025-08-04,East,22.0,11,One year,Fiber optic,80.62,856.82,0,Yes
C100938,2023-09-14,East,40.0,34,Month-to-month,None,7.45,239.76,3,No
C100939,2023-06-16,West,71.0,37,One year,Fiber optic,80.9,2834.95,1,Yes
C100940,2022-05-22,North,77.0,50,Two year,Fiber optic,59.8,2826.78,0,No
C100941,2024-01-12,North,51.0,30,Month-to-month,DSL,70.37,2017.42,2,No
C100942,2021-01-27,East,40.0,66,Month-to-month,DSL,36.82,2393.56,3,No
C100943,2023-08-15,East,43.0,35,Month-to-month,DSL,43.27,1450.12,3,Yes
C100944,2025-09-03,East,66.0,10,Month-to-month,None,9.08,90.75,4,Yes
C100945,2025-10-03,South,42.0,9,One year,Fiber optic,56.75,485.26,2,No
C100946,2020-08-30,East,76.0,71,Month-to-month,DSL,61.06,4230.96,0,No
C100947,2025-09-03,North,19.0,10,Month-to-month,Fiber optic,70.69,681.39,2,Yes
C100948,2020-10-29,East,55.0,69,One year,DSL,57.35,,3,No
C100949,2024-10-08,South,50.0,21,One year,Fiber optic,50.0,1040.62,1,No
C100950,2025-12-02,South,45.0,7,One year,Fiber optic,72.86,490.1,2,Yes
C100951,2024-09-08,North,47.0,22,One year,DSL,33.34,703.82,1,No
C100952,2022-10-19,West,27.0,45,One year,DSL,30.0,1343.81,2,No
C100953,2023-12-13,West,39.0,31,One year,Fiber optic,67.87,2092.8,1,Yes
C100954,2021-10-24,West,39.0,57,One year,None,22.74,1295.87,2,No
C100955,2022-11-18,West,58.0,44,Month-to-month,DSL,45.64,1872.65,0,No
C100956,2024-02-11,East,55.0,29,One year,Fiber optic,73.61,1964.52,2,No
C100957,2022-09-19,South,43.0,46,Month-to-month,DSL,55.48,2437.2,2,No
C100958,2020-09-29,North,50.0,70,Month-to-month,Fiber optic,82.64,5661.39,2,Yes
C100959,2024-01-12,East,53.0,30,Month-to-month,Fiber optic,50.72,1408.74,2,No
C100960,2025-07-05,West,20.0,12,Two year,DSL,63.02,718.34,1,No
C100961,2024-01-12,South,72.0,30,One year,Fiber optic,87.59,2539.72,2,Yes
C100962,2021-06-26,West,73.0,61,Month-to-month,Fiber optic,60.61,3464.3,2,Yes
C100963,2025-03-07,North,40.0,16,One year,DSL,30.0,469.68,0,No
C100964,2020-10-29,South,65.0,69,Month-to-month,Fiber optic,50.0,3237.35,1,No
C100965,2022-12-18,East,42.0,43,One year,DSL,39.46,1675.15,2,No
C100966,2022-11-18,South,22.0,44,Two year,DSL,69.17,2884.8,4,No
C100967,2024-08-09,West,71.0,23,One year,Fiber optic,65.2,1451.45,1,Yes
C100968,2020-12-28,South,34.0,67,One year,DSL,37.59,2426.69,1,No
C100969,2026-04-01,West,40.0,3,Month-to-month,Fiber optic,56.78,160.75,1,Yes
C100970,2024-09-08,South,53.0,22,Month-to-month,DSL,30.0,630.38,0,Yes
C100971,2023-12-13,North,45.0,31,Two year,Fiber optic,75.49,2311.35,1,No
C100972,2023-08-15,East,34.0,35,One year,None,18.9,637.6,0,Yes
C100973,2023-08-15,East,67.0,35,Month-to-month,Fiber optic,90.2,2918.48,2,Yes
C100974,2025-08-04,East,40.0,11,Month-to-month,DSL,52.54,564.67,2,Yes
C100975,2025-02-05,North,54.0,17,Month-to-month,Fiber optic,74.96,1190.97,2,No
C100976,2025-12-02,South,59.0,7,Month-to-month,Fiber optic,62.09,416.76,0,No
C100977,2023-01-17,North,75.0,42,Month-to-month,DSL,31.91,1283.24,2,No
C100978,2024-05-11,West,47.0,26,Month-to-month,DSL,34.52,860.65,0,No
C100979,2023-02-16,North,47.0,41,Two year,None,5.0,189.11,1,No
C100980,2022-12-18,West,74.0,43,Month-to-month,Fiber optic,75.92,3074.53,6,No
C100981,2022-04-22,North,47.0,51,Month-to-month,Fiber optic,60.38,2845.53,1,No
C100982,2023-03-18,East,,40,Month-to-month,Fiber optic,76.43,2914.11,1,No
C100983,2022-08-20,South,20.0,47,Month-to-month,Fiber optic,66.63,3036.74,0,Yes
C100984,2022-12-18,North,38.0,43,Two year,None,16.49,689.45,1,No
C100985,2022-08-20,South,30.0,47,Month-to-month,None,5.96,259.16,1,No
C100986,2022-10-19,North,36.0,45,One year,None,23.62,987.98,1,No
C100987,2024-08-09,East,51.0,23,Two year,Fiber optic,62.38,1395.89,2,No
C100988,2025-01-06,West,50.0,18,Month-to-month,Fiber optic,75.83,,0,No
C100989,2021-10-24,South,29.0,57,One year,DSL,36.42,2048.27,1,No
C100990,2024-06-10,South,46.0,25,Two year,Fiber optic,72.39,1694.67,2,No
C100991,2023-03-18,North,46.0,40,Month-to-month,DSL,64.69,2405.5,2,No
C100992,2025-04-06,South,20.0,15,Month-to-month,Fiber optic,68.27,971.78,0,Yes
C100993,2023-11-13,West,35.0,32,Two year,Fiber optic,74.42,2312.3,0,No
C100994,2023-04-17,East,62.0,39,Two year,None,26.86,1004.46,1,No
C100995,2022-09-19,West,19.0,46,Month-to-month,Fiber optic,87.78,3746.7,2,Yes
C100996,2023-05-17,West,36.0,38,One year,None,24.46,860.42,1,No
C100997,2024-05-11,North,47.0,26,Month-to-month,Fiber optic,73.4,1859.19,1,Yes
C100998,2020-09-29,North,28.0,70,Two year,Fiber optic,64.56,4265.03,1,No
C100999,2023-06-16,South,58.0,37,Month-to-month,Fiber optic,55.71,2006.77,0,Yes
C101000,2021-08-25,West,62.0,59,Month-to-month,Fiber optic,50.5,2811.44,1,Yes
C101001,2022-01-22,North,38.0,54,One year,DSL,60.2,3072.6,4,Yes
C101002,2023-02-16,North,32.0,41,Two year,Fiber optic,52.9,2031.79,0,No
C101003,2021-03-28,West,66.0,64,Two year,DSL,53.95,3448.3,5,No
C101004,2025-09-03,North,31.0,10,Month-to-month,None,24.99,230.23,0,No
C101005,2020-12-28,South,27.0,67,Month-to-month,Fiber optic,76.01,4737.1,2,No
C101006,2021-05-27,West,20.0,62,Two year,Fiber optic,58.82,3599.08,1,No
C101007,2023-06-16,North,23.0,37,Two year,Fiber optic,55.51,1912.26,3,Yes
C101008,2022-02-21,North,72.0,53,Month-to-month,DSL,49.54,2474.53,0,No
C101009,2023-05-17,East,75.0,38,One year,DSL,41.49,1483.64,0,No
C101010,2024-11-07,North,51.0,20,Month-to-month,Fiber optic,50.23,980.25,3,Yes
C101011,2021-09-24,East,75.0,58,Month-to-month,DSL,68.26,3772.59,0,No
C101012,2025-01-06,East,61.0,18,Month-to-month,DSL,35.5,630.85,4,No
C101013,2024-08-09,North,43.0,23,Month-to-month,Fiber optic,53.08,1196.17,1,Yes
C101014,2023-05-17,East,62.0,38,Month-to-month,Fiber optic,62.09,2270.91,2,No
C101015,2021-06-26,South,44.0,61,Two year,None,35.03,2008.46,1,No
C101016,2024-03-12,West,77.0,28,Month-to-month,Fiber optic,50.0,1376.75,0,No
C101017,2023-07-16,South,70.0,36,Month-to-month,Fiber optic,79.04,2814.93,2,No
C101018,2026-04-01,East,70.0,3,Month-to-month,Fiber optic,54.06,160.06,1,No
C101019,2025-10-03,South,50.0,9,Month-to-month,DSL,48.17,400.64,2,No
C101020,2026-01-31,West,50.0,5,Month-to-month,Fiber optic,56.89,277.58,3,Yes
C101021,2026-01-01,South,25.0,6,One year,Fiber optic,88.9,520.77,0,No
C101022,2021-04-27,East,58.0,63,Month-to-month,Fiber optic,66.5,4170.42,5,Yes
C101023,2021-06-26,West,25.0,61,One year,DSL,36.5,2095.31,2,No
C101024,2021-07-26,West,51.0,60,Two year,Fiber optic,61.39,3620.44,0,No
C101025,2026-01-31,West,26.0,5,Month-to-month,None,21.08,102.78,3,Yes
C101026,2026-01-01,East,47.0,6,Two year,Fiber optic,67.13,398.87,1,No
C101027,2024-10-08,East,66.0,21,Two year,Fiber optic,70.27,1439.46,2,No
C101028,2023-02-16,South,37.0,41,Two year,None,19.98,809.51,3,No
C101029,2024-06-10,East,55.0,25,One year,DSL,30.0,711.57,3,No
C101030,2023-07-16,East,34.0,36,One year,Fiber optic,60.92,2045.33,1,No
C101031,2025-06-05,East,,13,One year,None,27.28,336.58,2,No
C101032,2022-02-21,South,29.0,53,One year,DSL,36.96,1929.9,2,No
C101033,2024-08-09,South,28.0,23,Month-to-month,Fiber optic,73.07,1563.86,1,Yes
C101034,2026-01-31,North,41.0,5,Two year,None,20.38,98.95,0,No
C101035,2022-01-22,East,25.0,54,One year,DSL,42.39,2286.78,1,No
C101036,2021-01-27,North,73.0,66,One year,Fiber optic,79.33,5191.81,0,No
C101037,2026-05-01,North,63.0,2,Month-to-month,DSL,30.0,58.42,0,Yes
C101038,2023-11-13,South,31.0,32,Month-to-month,Fiber optic,56.9,1790.59,1,Yes
C101039,2021-07-26,North,72.0,60,Month-to-month,Fiber optic,79.79,4449.02,1,Yes
C101040,2022-04-22,East,40.0,51,Month-to-month,None,41.96,2054.16,2,No
C101041,2021-05-27,North,50.0,62,Month-to-month,DSL,72.43,4322.5,3,No
C101042,2024-01-12,South,61.0,30,Month-to-month,DSL,45.6,1344.22,2,No
C101043,2024-04-11,East,65.0,27,Month-to-month,DSL,50.49,1284.99,0,No
C101044,2022-03-23,East,18.0,52,Month-to-month,DSL,54.81,2646.39,0,Yes
C101045,2025-07-05,East,35.0,12,Month-to-month,Fiber optic,80.3,940.33,2,No
C101046,2025-01-06,South,38.0,18,Two year,None,23.76,410.32,2,No
C101047,2022-11-18,South,54.0,44,Month-to-month,DSL,56.11,2437.69,0,No
C101048,2022-06-21,West,72.0,49,Month-to-month,DSL,50.52,2372.8,2,No
C101049,2025-10-03,South,45.0,9,Month-to-month,DSL,51.27,455.76,1,Yes
C101050,2023-06-16,East,46.0,37,Month-to-month,Fiber optic,53.98,1918.62,1,Yes
C101051,2024-04-11,West,23.0,27,Month-to-month,Fiber optic,61.05,1619.69,1,Yes
C101052,2023-06-16,North,50.0,37,One year,Fiber optic,58.73,2124.46,2,No
C101053,2020-09-29,North,48.0,70,Two year,Fiber optic,50.73,3342.6,0,No
C101054,2026-01-01,South,57.0,6,Month-to-month,DSL,30.0,170.06,1,No
C101055,2020-07-31,South,70.0,72,One year,None,14.92,1065.58,1,No
C101056,2023-10-14,North,53.0,33,Month-to-month,Fiber optic,61.83,1914.87,4,Yes
C101057,2021-11-23,West,21.0,56,Month-to-month,Fiber optic,66.26,3620.76,1,No
C101058,2023-12-13,East,68.0,31,Month-to-month,DSL,51.67,1492.22,1,Yes
C101059,2024-08-09,East,47.0,23,Month-to-month,Fiber optic,67.26,1516.68,0,Yes
C101060,2021-11-23,East,48.0,56,One year,None,16.92,888.64,1,No
C101061,2022-05-22,South,72.0,50,One year,Fiber optic,54.02,2613.29,1,No
C101062,2025-08-04,East,54.0,11,One year,Fiber optic,75.52,801.76,3,Yes
C101063,2022-04-22,North,66.0,51,Month-to-month,Fiber optic,63.78,3045.52,0,Yes
C101064,2021-12-23,East,72.0,55,One year,None,14.79,780.35,0,No
C101065,2024-03-12,West,48.0,28,Month-to-month,Fiber optic,62.76,1740.3,0,No
C101066,2020-12-28,West,78.0,67,Month-to-month,DSL,36.21,2364.07,1,No
C101067,2022-08-20,South,28.0,47,Month-to-month,Fiber optic,58.63,2753.99,1,Yes
C101068,2024-06-10,North,72.0,25,One year,Fiber optic,58.25,1431.15,1,No
C101069,2026-05-31,West,70.0,1,Two year,None,16.55,16.08,1,No
C101070,2022-06-21,East,24.0,49,Month-to-month,Fiber optic,72.87,3445.86,0,Yes
C101071,2025-03-07,West,27.0,16,One year,Fiber optic,69.89,1112.64,1,Yes
C101072,2021-12-23,South,20.0,55,One year,DSL,63.56,3363.52,4,Yes
C101073,2023-05-17,West,35.0,38,Two year,None,34.54,1249.8,1,No
C101074,2023-09-14,West,79.0,34,Month-to-month,Fiber optic,88.48,2968.49,2,No
C101075,2025-07-05,North,25.0,12,One year,Fiber optic,71.71,856.41,0,No
C101076,2022-03-23,East,20.0,52,One year,None,26.52,1321.55,1,No
C101077,2025-07-05,South,46.0,12,Two year,DSL,39.15,437.37,0,No
C101078,2023-12-13,East,39.0,31,Month-to-month,None,29.91,898.16,1,No
C101079,2021-06-26,South,57.0,61,Two year,DSL,37.13,2217.98,3,No
C101080,2020-12-28,North,55.0,67,Month-to-month,DSL,30.0,1909.28,0,No
C101081,2020-07-31,South,69.0,72,Two year,Fiber optic,83.32,5878.04,0,No
C101082,2020-10-29,East,43.0,69,Month-to-month,Fiber optic,50.01,3321.23,4,No
C101083,2023-02-16,South,46.0,41,Month-to-month,DSL,50.27,1945.87,3,No
C101084,2025-04-06,South,19.0,15,Month-to-month,DSL,34.44,501.29,0,No
C101085,2021-06-26,South,,61,Month-to-month,None,33.52,1944.77,1,No
C101086,2021-09-24,East,31.0,58,Month-to-month,DSL,60.16,3429.77,2,Yes
C101087,2020-07-31,South,54.0,72,Month-to-month,Fiber optic,71.35,4727.49,1,No
C101088,2022-08-20,North,,47,Month-to-month,DSL,59.96,2777.13,1,No
C101089,2025-08-04,East,55.0,11,Month-to-month,DSL,45.09,468.48,1,No
C101090,2023-06-16,North,56.0,37,One year,Fiber optic,91.81,3386.0,1,No
C101091,2023-10-14,South,28.0,33,Two year,DSL,53.95,1746.05,1,No
C101092,2021-06-26,East,61.0,61,One year,DSL,34.19,1958.96,2,No
C101093,2024-02-11,South,29.0,29,Month-to-month,Fiber optic,65.84,1906.12,1,Yes
C101094,2024-07-10,North,60.0,24,Month-to-month,DSL,43.17,994.6,4,Yes
C101095,2026-01-01,South,53.0,6,Two year,DSL,41.99,242.32,1,No
C101096,2021-06-26,South,48.0,61,Month-to-month,None,5.0,302.79,2,Yes
C101097,2021-12-23,East,62.0,55,Month-to-month,Fiber optic,69.64,3805.2,3,No
C101098,2026-04-01,East,62.0,3,Two year,DSL,30.0,87.82,1,No
C101099,2023-11-13,North,30.0,32,Two year,DSL,30.0,958.34,1,No
C101100,2023-08-15,West,41.0,35,Month-to-month,DSL,40.87,1353.65,2,Yes
C101101,2023-09-14,East,48.0,34,One year,Fiber optic,55.93,1784.84,3,No
C101102,2020-12-28,North,27.0,67,Month-to-month,None,9.66,596.96,0,No
C101103,2025-08-04,South,40.0,11,One year,None,5.0,52.12,0,No
C101104,2024-08-09,West,20.0,23,Month-to-month,DSL,34.79,774.73,2,Yes
C101105,2025-05-06,East,45.0,14,Month-to-month,DSL,42.92,567.49,5,No
C101106,2025-01-06,South,30.0,18,One year,Fiber optic,57.39,998.28,0,No
C101107,2021-01-27,West,31.0,66,Month-to-month,DSL,49.65,3027.43,3,No
C101108,2020-11-28,East,68.0,68,One year,Fiber optic,81.71,5269.17,2,No
C101109,2026-03-02,East,26.0,4,Month-to-month,DSL,51.2,200.67,1,No
C101110,2022-09-19,North,25.0,46,Two year,Fiber optic,77.32,3301.87,2,Yes
C101111,2025-02-05,East,37.0,17,Two year,DSL,58.31,968.66,2,No
C101112,2025-05-06,North,19.0,14,Month-to-month,Fiber optic,52.77,724.79,2,Yes
C101113,2024-09-08,West,71.0,22,One year,DSL,50.27,1067.79,3,No
C101114,2025-05-06,North,79.0,14,Month-to-month,DSL,56.94,789.9,1,No
C101115,2023-07-16,North,67.0,36,Month-to-month,Fiber optic,59.77,2143.9,0,Yes
C101116,2020-07-31,South,67.0,72,Month-to-month,Fiber optic,55.51,3688.07,3,No
C101117,2022-12-18,South,24.0,43,Two year,None,26.36,1104.38,2,No
C101118,2022-02-21,South,52.0,53,Two year,DSL,30.0,1492.97,3,No
C101119,2023-07-16,West,23.0,36,Two year,Fiber optic,51.94,1781.31,1,No
C101120,2026-05-01,South,36.0,2,Two year,Fiber optic,57.0,110.56,0,No
C101121,2025-12-02,West,48.0,7,Two year,Fiber optic,70.41,481.53,0,No
C101122,2024-11-07,North,60.0,20,Month-to-month,DSL,47.63,940.42,1,No
C101123,2025-01-06,East,35.0,18,Two year,DSL,57.39,1008.67,2,No
C101124,2021-06-26,North,33.0,61,One year,Fiber optic,53.94,3231.75,2,No
C101125,2021-06-26,North,69.0,61,Month-to-month,DSL,33.29,1965.56,0,No
C101126,2021-05-27,North,31.0,62,One year,DSL,51.29,2955.36,3,No
C101127,2022-09-19,South,48.0,46,Month-to-month,DSL,35.42,1501.77,3,No
C101128,2023-02-16,South,35.0,41,Month-to-month,Fiber optic,57.76,2279.08,3,No
C101129,2022-08-20,West,70.0,47,Month-to-month,Fiber optic,50.0,2296.52,1,Yes
C101130,2024-01-12,West,51.0,30,Month-to-month,Fiber optic,68.49,1908.22,1,No
C101131,2022-06-21,East,24.0,49,Month-to-month,Fiber optic,83.5,3904.7,2,No
C101132,2021-09-24,South,27.0,58,Two year,Fiber optic,52.65,2871.99,2,No
C101133,2021-12-23,South,78.0,55,One year,Fiber optic,77.26,4102.14,4,No
C101134,2022-10-19,South,76.0,45,Month-to-month,Fiber optic,64.29,2751.99,0,No
C101135,2026-01-31,North,65.0,5,Month-to-month,DSL,30.0,140.42,1,Yes
C101136,2022-02-21,East,22.0,53,Month-to-month,Fiber optic,54.26,2646.73,0,Yes
C101137,2024-04-11,West,63.0,27,Month-to-month,DSL,33.52,855.92,2,Yes
C101138,2022-01-22,East,58.0,54,Two year,Fiber optic,61.2,3176.88,2,Yes
C101139,2023-04-17,East,76.0,39,Month-to-month,DSL,50.03,1940.12,0,No
C101140,2021-03-28,South,48.0,64,One year,Fiber optic,87.19,5235.3,1,No
C101141,2024-06-10,West,47.0,25,One year,DSL,30.0,720.74,2,Yes
C101142,2020-11-28,West,57.0,68,One year,DSL,39.18,2571.84,1,No
C101143,2021-06-26,South,27.0,61,Two year,Fiber optic,54.25,3216.39,2,No
C101144,2024-07-10,West,64.0,24,Month-to-month,DSL,30.0,681.33,2,No
C101145,2023-08-15,South,48.0,35,Two year,Fiber optic,66.15,2148.46,2,No
C101146,2023-04-17,North,29.0,39,One year,DSL,45.02,1744.73,0,No
C101147,2021-11-23,South,68.0,56,One year,Fiber optic,50.0,2789.42,3,No
C101148,2022-05-22,West,34.0,50,One year,Fiber optic,65.22,3114.45,2,No
C101149,2021-05-27,South,71.0,62,Two year,Fiber optic,50.54,3028.34,4,No
C101150,2024-04-11,West,34.0,27,Two year,None,20.14,501.54,2,No
C101151,2023-06-16,South,48.0,37,Month-to-month,Fiber optic,80.23,2742.24,0,No
C101152,2023-11-13,South,45.0,32,Two year,DSL,50.56,1498.41,3,No
C101153,2021-01-27,North,63.0,66,One year,Fiber optic,67.13,4337.98,1,No
C101154,2024-09-08,West,29.0,22,Month-to-month,Fiber optic,58.65,1210.53,0,Yes
C101155,2022-12-18,South,33.0,43,Two year,Fiber optic,65.8,2644.8,1,No
C101156,2025-10-03,North,29.0,9,Month-to-month,None,26.76,221.73,2,No
C101157,2021-05-27,North,32.0,62,One year,DSL,50.57,2890.26,0,No
C101158,2024-03-12,East,46.0,28,Month-to-month,Fiber optic,63.81,1701.69,1,No
C101159,2024-06-10,West,54.0,25,Month-to-month,DSL,47.61,1146.61,0,No
C101160,2023-01-17,West,71.0,42,Two year,Fiber optic,50.0,2029.28,1,No
C101161,2023-07-16,North,44.0,36,Month-to-month,Fiber optic,56.19,1935.12,2,Yes
C101162,2021-05-27,East,43.0,62,Month-to-month,DSL,53.49,3173.0,2,No
C101163,2023-04-17,South,27.0,39,Month-to-month,Fiber optic,75.1,2871.06,0,Yes
C101164,2023-05-17,East,24.0,38,Month-to-month,Fiber optic,66.12,2369.76,1,Yes
C101165,2025-11-02,East,65.0,8,Two year,DSL,62.75,471.39,1,No
C101166,2026-05-01,North,57.0,2,Two year,Fiber optic,71.1,140.54,2,No
C101167,2024-02-11,North,50.0,29,Month-to-month,None,17.2,486.4,2,No
C101168,2020-07-31,East,45.0,72,One year,DSL,30.36,2094.44,3,No
C101169,2020-12-28,East,50.0,67,Month-to-month,None,37.26,2351.71,0,Yes
C101170,2022-09-19,West,70.0,46,One year,DSL,54.24,2322.7,1,No
C101171,2022-09-19,West,29.0,46,Month-to-month,None,41.58,1765.39,0,No
C101172,2024-02-11,North,48.0,29,Month-to-month,Fiber optic,91.0,2607.83,1,No
C101173,2025-06-05,East,32.0,13,Month-to-month,DSL,30.0,377.31,2,Yes
C101174,2026-05-31,South,24.0,1,One year,DSL,30.0,27.71,2,No
C101175,2024-06-10,South,60.0,25,Month-to-month,None,5.0,116.59,0,No
C101176,2024-08-09,North,61.0,23,Month-to-month,Fiber optic,76.02,1647.69,3,Yes
C101177,2025-05-06,West,70.0,14,Two year,DSL,52.88,696.67,0,No
C101178,2024-12-07,North,19.0,19,One year,DSL,46.17,845.54,1,Yes
C101179,2026-05-01,West,28.0,2,Month-to-month,Fiber optic,50.29,95.75,2,Yes
C101180,2022-11-18,West,53.0,44,Two year,None,18.93,825.07,1,No
C101181,2020-12-28,West,68.0,67,Two year,Fiber optic,67.22,4402.64,1,No
C101182,2022-05-22,North,76.0,50,Month-to-month,Fiber optic,74.39,3692.94,3,No
C101183,2023-10-14,South,66.0,33,One year,DSL,48.28,1575.75,1,No
C101184,2023-12-13,North,74.0,31,Month-to-month,Fiber optic,72.97,2247.84,0,Yes
C101185,2024-08-09,East,68.0,23,One year,Fiber optic,63.51,1458.39,2,Yes
C101186,2025-08-04,West,37.0,11,Month-to-month,Fiber optic,79.18,823.02,2,Yes
C101187,2022-11-18,East,54.0,44,One year,Fiber optic,72.58,2991.61,1,No
C101188,2023-02-16,North,57.0,41,Month-to-month,DSL,30.76,1176.93,0,No
C101189,2026-05-31,South,39.0,1,Month-to-month,None,36.67,35.58,2,No
C101190,2024-01-12,North,72.0,30,Two year,DSL,59.71,1745.58,2,No
C101191,2024-10-08,South,65.0,21,Month-to-month,Fiber optic,70.59,1374.22,3,No
C101192,2025-06-05,South,50.0,13,Two year,DSL,48.37,619.81,2,No
C101193,2022-04-22,West,47.0,51,Two year,None,39.9,1999.58,0,No
C101194,2023-05-17,North,67.0,38,Two year,DSL,30.0,1106.12,0,Yes
C101195,2022-09-19,South,31.0,46,Month-to-month,Fiber optic,79.89,3509.01,3,No
C101196,2022-03-23,North,31.0,52,Two year,Fiber optic,59.29,2874.33,0,No
C101197,2020-08-30,West,42.0,71,Month-to-month,None,33.14,2259.88,0,No
C101198,2021-09-24,South,25.0,58,Month-to-month,None,21.44,1159.87,3,Yes
C101199,2022-10-19,West,46.0,45,Two year,Fiber optic,50.08,2182.38,2,No
C101200,2021-03-28,East,44.0,64,One year,DSL,39.04,2360.63,0,No
C101201,2023-08-15,South,49.0,35,Month-to-month,Fiber optic,77.26,2541.27,5,Yes
C101202,2020-08-30,East,46.0,71,Month-to-month,Fiber optic,62.48,4237.72,2,No
C101203,2021-12-23,North,73.0,55,Two year,DSL,37.54,1995.44,2,No
C101204,2022-08-20,West,35.0,47,One year,DSL,37.46,1671.53,2,Yes
C101205,2021-01-27,West,43.0,66,Month-to-month,Fiber optic,72.71,4784.89,2,No
C101206,2023-05-17,South,63.0,38,Two year,None,41.01,1434.44,2,No
C101207,2022-03-23,North,35.0,52,Month-to-month,None,5.0,258.19,3,No
C101208,2024-10-08,South,58.0,21,Month-to-month,Fiber optic,95.0,1835.51,0,No
C101209,2020-09-29,West,77.0,70,One year,DSL,47.44,3112.71,1,No
C101210,2022-10-19,East,41.0,45,Two year,DSL,51.96,2337.52,2,No
C101211,2021-10-24,North,33.0,57,Month-to-month,DSL,39.76,2217.02,3,No
C101212,2023-09-14,North,29.0,34,Month-to-month,None,19.96,659.34,1,No
C101213,2021-04-27,North,18.0,63,Month-to-month,DSL,47.31,2915.22,3,No
C101214,2026-01-01,West,35.0,6,Two year,Fiber optic,52.41,299.57,3,No
C101215,2025-10-03,South,70.0,9,Month-to-month,Fiber optic,55.33,489.37,1,No
C101216,2023-06-16,West,33.0,37,Month-to-month,DSL,59.21,2042.65,2,No
C101217,2022-02-21,South,77.0,53,Two year,None,5.0,260.63,3,No
C101218,2021-08-25,West,,59,Month-to-month,Fiber optic,70.29,4127.05,1,No
C101219,2023-11-13,West,60.0,32,One year,Fiber optic,60.55,1915.54,2,No
C101220,2022-08-20,East,78.0,47,Month-to-month,DSL,33.47,1540.33,2,No
C101221,2023-03-18,North,43.0,40,Two year,Fiber optic,88.66,3447.49,0,No
C101222,2020-09-29,North,77.0,70,Month-to-month,Fiber optic,53.55,3604.89,2,Yes
C101223,2022-07-21,North,51.0,48,Month-to-month,None,6.44,294.16,1,Yes
C101224,2023-12-13,East,23.0,31,Month-to-month,DSL,42.76,1311.31,3,Yes
C101225,2020-09-29,East,69.0,70,One year,None,10.78,733.32,1,No
C101226,2025-11-02,West,76.0,8,One year,DSL,45.08,344.34,2,Yes
C101227,2020-08-30,West,72.0,71,Month-to-month,Fiber optic,66.86,4665.33,2,Yes
C101228,2025-07-05,South,43.0,12,Month-to-month,None,22.82,253.12,1,No
C101229,2024-10-08,South,24.0,21,Two year,Fiber optic,63.51,1313.77,5,No
C101230,2021-07-26,West,54.0,60,Month-to-month,Fiber optic,56.57,3342.8,0,No
C101231,2022-02-21,West,71.0,53,Month-to-month,None,27.72,1378.49,4,Yes
C101232,2020-09-29,South,70.0,70,One year,DSL,43.66,2820.91,0,No
C101233,2022-01-22,North,56.0,54,Month-to-month,None,14.05,741.32,1,No
C101234,2022-09-19,North,66.0,46,Month-to-month,Fiber optic,82.76,3563.28,1,Yes
C101235,2024-06-10,West,20.0,25,Month-to-month,None,18.54,463.35,1,No
C101236,2026-05-31,South,56.0,1,Month-to-month,DSL,58.1,53.49,3,No
C101237,2025-10-03,East,24.0,9,Month-to-month,DSL,59.72,504.36,3,Yes
C101238,2024-09-08,West,64.0,22,One year,None,35.45,720.13,1,No
C101239,2026-04-01,West,20.0,3,One year,Fiber optic,73.29,216.05,2,No
C101240,2023-06-16,South,54.0,37,Month-to-month,DSL,44.99,1608.52,2,Yes
C101241,2021-11-23,East,76.0,56,Two year,DSL,44.23,2446.85,1,No
C101242,2020-09-29,North,24.0,70,Month-to-month,DSL,42.07,2936.09,3,No
C101243,2023-07-16,West,44.0,36,One year,None,5.0,174.39,5,Yes
C101244,2021-03-28,West,20.0,64,Month-to-month,DSL,53.63,3221.37,2,No
C101245,2020-08-30,South,62.0,71,One year,Fiber optic,67.93,4472.94,1,No
C101246,2021-05-27,South,75.0,62,Month-to-month,Fiber optic,74.91,4594.73,2,No
C101247,2023-09-14,East,18.0,34,Month-to-month,None,18.6,594.21,1,No
C101248,2024-07-10,South,51.0,24,Month-to-month,None,27.98,665.8,3,No
C101249,2020-08-30,East,67.0,71,Month-to-month,None,5.0,351.54,0,No
C101250,2025-01-06,North,19.0,18,Month-to-month,Fiber optic,50.97,890.14,3,No
C101251,2024-01-12,South,47.0,30,One year,Fiber optic,50.0,1452.48,1,No
C101252,2026-01-01,West,25.0,6,Two year,DSL,43.39,259.32,0,Yes
C101253,2021-09-24,West,75.0,58,Month-to-month,DSL,35.73,2031.89,0,No
C101254,2022-08-20,North,49.0,47,Two year,Fiber optic,54.16,2481.02,0,No
C101255,2025-12-02,West,50.0,7,One year,DSL,49.02,327.65,0,Yes
C101256,2025-03-07,North,79.0,16,Two year,Fiber optic,59.89,918.68,2,No
C101257,2023-03-18,West,66.0,40,One year,DSL,30.0,1141.34,3,No
C101258,2023-04-17,South,37.0,39,One year,Fiber optic,95.0,3689.09,0,No
C101259,2021-09-24,South,57.0,58,Month-to-month,Fiber optic,64.56,3636.08,1,No
C101260,2024-11-07,East,36.0,20,One year,Fiber optic,52.0,1021.73,4,Yes
C101261,2020-12-28,West,50.0,67,Two year,None,11.96,739.6,5,No
C101262,2023-10-14,South,68.0,33,Month-to-month,DSL,42.92,1399.64,0,No
C101263,2021-07-26,South,76.0,60,Month-to-month,None,17.9,1023.96,1,Yes
C101264,2025-01-06,West,76.0,18,Month-to-month,DSL,60.63,1068.39,0,Yes
C101265,2026-04-01,West,48.0,3,Two year,Fiber optic,64.05,177.39,3,No
C101266,2026-03-02,East,73.0,4,Month-to-month,Fiber optic,87.26,346.08,2,Yes
C101267,2024-04-11,North,73.0,27,One year,DSL,39.81,1045.62,1,No
C101268,2020-10-29,West,51.0,69,Two year,Fiber optic,70.12,4628.3,3,No
C101269,2026-03-02,East,20.0,4,Two year,DSL,57.26,216.28,3,No
C101270,2024-04-11,East,25.0,27,Month-to-month,DSL,59.34,1513.87,0,No
C101271,2025-11-02,North,58.0,8,One year,None,35.74,269.99,1,No
C101272,2020-11-28,West,69.0,68,Two year,Fiber optic,61.74,3906.46,2,No
C101273,2022-06-21,East,74.0,49,Month-to-month,DSL,44.93,2107.13,1,Yes
C101274,2021-12-23,North,33.0,55,One year,Fiber optic,50.0,2629.77,1,No
C101275,2022-03-23,South,73.0,52,Month-to-month,Fiber optic,62.65,3104.54,0,No
C101276,2022-07-21,South,69.0,48,One year,DSL,58.1,2722.56,6,No
C101277,2021-11-23,West,48.0,56,Month-to-month,DSL,55.76,2977.63,0,No
C101278,2026-05-31,South,41.0,1,Month-to-month,DSL,43.96,40.76,2,Yes
C101279,2021-04-27,West,47.0,63,Month-to-month,Fiber optic,85.39,5315.9,1,No
C101280,2022-01-22,East,59.0,54,Month-to-month,None,15.39,,2,No
C101281,2022-01-22,South,68.0,54,Month-to-month,None,11.41,599.15,2,No
C101282,2024-02-11,South,28.0,29,One year,DSL,39.38,1135.62,3,No
C101283,2021-09-24,West,38.0,58,Month-to-month,None,6.53,371.69,2,No
C101284,2024-03-12,South,25.0,28,Month-to-month,Fiber optic,72.47,1954.29,1,No
C101285,2026-03-02,East,76.0,4,One year,DSL,48.46,186.78,1,No
C101286,2021-01-27,North,43.0,66,One year,None,27.32,1781.41,3,No
C101287,2025-02-05,South,33.0,17,Month-to-month,DSL,40.03,670.91,2,No
C101288,2025-11-02,East,30.0,8,Two year,DSL,44.3,331.11,1,No
C101289,2022-10-19,South,22.0,45,Month-to-month,DSL,30.0,1309.66,2,No
C101290,2025-02-05,West,47.0,17,Two year,DSL,49.51,832.63,1,No
C101291,2021-05-27,North,65.0,62,Month-to-month,DSL,46.19,2818.72,2,No
C101292,2023-11-13,West,38.0,32,One year,Fiber optic,51.79,1541.23,1,No
C101293,2026-05-31,North,43.0,1,Two year,Fiber optic,63.74,60.86,1,No
C101294,2020-10-29,South,57.0,69,Two year,DSL,41.91,2780.34,2,No
C101295,2023-05-17,East,40.0,38,One year,DSL,66.17,2365.16,2,No
C101296,2024-12-07,South,63.0,19,One year,DSL,32.27,597.41,1,No
C101297,2022-06-21,East,37.0,49,Month-to-month,None,23.98,1125.78,2,No
C101298,2023-04-17,West,45.0,39,One year,DSL,31.91,1174.55,1,No
C101299,2026-04-01,South,78.0,3,One year,Fiber optic,58.31,,0,No
C101300,2021-12-23,East,69.0,55,Two year,Fiber optic,68.32,3714.51,0,No
C101301,2024-02-11,West,53.0,29,Month-to-month,DSL,42.46,1218.16,4,Yes
C101302,2022-04-22,West,42.0,51,Month-to-month,DSL,44.93,2257.04,1,No
C101303,2021-02-26,North,79.0,65,One year,DSL,48.99,3162.41,3,No
C101304,2022-11-18,East,46.0,44,Month-to-month,DSL,39.08,1712.96,1,No
C101305,2022-06-21,West,39.0,49,Month-to-month,DSL,55.61,2614.11,0,Yes
C101306,2024-12-07,West,54.0,19,Month-to-month,DSL,41.33,728.52,2,Yes
C101307,2025-01-06,West,43.0,18,One year,None,18.83,333.52,1,No
C101308,2024-01-12,North,73.0,30,Month-to-month,Fiber optic,69.34,2019.2,2,Yes
C101309,2021-05-27,West,31.0,62,Month-to-month,DSL,47.72,2812.01,1,Yes
C101310,2023-05-17,West,21.0,38,Month-to-month,DSL,52.73,1999.82,0,No
C101311,2024-05-11,East,44.0,26,Two year,Fiber optic,68.8,1694.16,0,No
C101312,2021-10-24,North,76.0,57,One year,DSL,50.63,2864.59,2,No
C101313,2021-05-27,North,21.0,62,Month-to-month,DSL,41.1,2465.15,2,No
C101314,2021-02-26,South,68.0,65,Month-to-month,DSL,32.17,1929.9,0,No
C101315,2024-09-08,West,18.0,22,One year,DSL,30.0,652.63,1,No
C101316,2022-03-23,North,52.0,52,Month-to-month,Fiber optic,50.0,2550.54,3,No
C101317,2022-12-18,East,46.0,43,One year,Fiber optic,86.15,3598.5,2,Yes
C101318,2023-10-14,North,27.0,33,Month-to-month,Fiber optic,50.0,1599.13,1,Yes
C101319,2024-02-11,West,64.0,29,Two year,Fiber optic,79.32,2156.53,1,Yes
C101320,2025-10-03,North,28.0,9,Month-to-month,DSL,35.15,296.47,2,No
C101321,2024-11-07,North,45.0,20,One year,None,34.24,631.61,3,Yes
C101322,2023-03-18,North,52.0,40,Month-to-month,DSL,30.0,,1,Yes
C101323,2021-03-28,East,50.0,64,Two year,Fiber optic,62.18,3768.28,2,No
C101324,2021-04-27,West,19.0,63,Two year,Fiber optic,82.45,5003.5,2,No
C101325,2025-05-06,South,45.0,14,One year,Fiber optic,73.56,958.23,2,No
C101326,2022-06-21,East,58.0,49,Month-to-month,DSL,40.95,1935.53,2,No
C101327,2025-12-02,East,50.0,7,Month-to-month,Fiber optic,50.0,329.37,3,No
C101328,2022-06-21,South,63.0,49,Two year,DSL,30.0,1382.27,2,No
C101329,2024-06-10,West,66.0,25,One year,DSL,61.67,1535.33,1,No
C101330,2023-10-14,South,29.0,33,Month-to-month,DSL,40.82,1346.24,0,No
C101331,2022-03-23,North,67.0,52,Month-to-month,Fiber optic,64.14,3284.97,0,Yes
C101332,2023-12-13,North,73.0,31,Month-to-month,Fiber optic,68.4,1959.99,3,Yes
C101333,2021-08-25,North,69.0,59,Two year,DSL,30.0,1731.57,1,No
C101334,2023-04-17,North,70.0,39,One year,DSL,49.89,1817.83,2,No
C101335,2020-07-31,North,31.0,72,One year,Fiber optic,59.96,4168.34,1,Yes
C101336,2022-09-19,North,58.0,46,One year,None,23.52,1072.72,1,No
C101337,2024-09-08,North,46.0,22,Month-to-month,DSL,38.06,795.8,4,No
C101338,2021-11-23,East,79.0,56,Month-to-month,DSL,30.0,1670.44,2,Yes
C101339,2024-01-12,North,69.0,30,Month-to-month,Fiber optic,59.87,1754.2,0,No
C101340,2023-04-17,East,28.0,39,One year,Fiber optic,72.69,2676.38,1,No
C101341,2025-09-03,North,76.0,10,Month-to-month,Fiber optic,69.73,646.81,4,Yes
C101342,2025-10-03,West,61.0,9,Month-to-month,Fiber optic,65.37,579.64,1,No
C101343,2023-01-17,South,51.0,42,Month-to-month,DSL,55.78,2241.19,0,Yes
C101344,2025-05-06,South,45.0,14,Month-to-month,DSL,42.56,551.64,0,No
C101345,2020-07-31,East,48.0,72,One year,None,20.68,1382.13,1,Yes
C101346,2021-05-27,West,65.0,62,Month-to-month,None,14.24,880.55,1,No
C101347,2022-04-22,West,65.0,51,Month-to-month,Fiber optic,76.48,3664.27,0,No
C101348,2022-02-21,South,52.0,53,One year,Fiber optic,68.5,3620.8,1,No
C101349,2022-12-18,South,79.0,43,Month-to-month,DSL,38.32,1605.73,4,Yes
C101350,2026-01-31,South,32.0,5,Month-to-month,None,5.0,23.6,4,No
C101351,2024-02-11,North,44.0,29,Month-to-month,None,33.26,916.99,1,No
C101352,2023-07-16,South,55.0,36,Two year,Fiber optic,56.07,1982.52,3,No
C101353,2021-01-27,West,28.0,66,Month-to-month,Fiber optic,65.86,4150.43,1,Yes
C101354,2025-03-07,South,48.0,16,One year,Fiber optic,93.23,1381.27,3,Yes
C101355,2023-07-16,South,69.0,36,Two year,DSL,54.62,1845.17,1,No
C101356,2024-06-10,North,59.0,25,One year,DSL,64.33,1590.28,2,Yes
C101357,2025-09-03,South,62.0,10,Month-to-month,DSL,38.54,376.03,0,Yes
C101358,2025-11-02,North,28.0,8,One year,DSL,57.85,444.33,2,Yes
C101359,2024-04-11,South,26.0,27,Month-to-month,Fiber optic,65.32,1657.19,4,Yes
C101360,2026-01-01,South,45.0,6,Month-to-month,DSL,49.39,283.88,5,Yes
C101361,2026-01-31,West,38.0,5,Month-to-month,Fiber optic,89.25,438.71,2,Yes
C101362,2024-05-11,East,18.0,26,Month-to-month,DSL,41.66,1003.57,5,Yes
C101363,2025-04-06,South,52.0,15,Month-to-month,DSL,45.23,678.17,1,Yes
C101364,2023-03-18,East,64.0,40,Month-to-month,DSL,34.16,1351.07,0,Yes
C101365,2026-05-01,West,63.0,2,Month-to-month,Fiber optic,75.66,143.06,3,Yes
C101366,2024-09-08,North,24.0,22,Month-to-month,DSL,38.27,833.22,3,Yes
C101367,2023-10-14,South,66.0,33,One year,DSL,57.27,1841.79,3,No
C101368,2020-09-29,East,41.0,70,Two year,Fiber optic,50.0,3406.58,1,Yes
C101369,2022-09-19,North,27.0,46,Month-to-month,Fiber optic,71.58,3066.07,1,Yes
C101370,2021-03-28,East,47.0,64,One year,DSL,37.28,2367.96,2,No
C101371,2024-06-10,North,31.0,25,Month-to-month,Fiber optic,73.77,1763.15,1,No
C101372,2023-10-14,West,59.0,33,Month-to-month,Fiber optic,64.84,2106.04,0,No
C101373,2023-12-13,West,64.0,31,Month-to-month,Fiber optic,58.58,1714.22,1,No
C101374,2021-03-28,North,62.0,64,Month-to-month,Fiber optic,60.36,3649.18,0,No
C101375,2020-09-29,East,25.0,70,Month-to-month,DSL,34.8,2429.12,3,Yes
C101376,2020-09-29,North,39.0,70,Month-to-month,DSL,55.05,3698.33,2,Yes
C101377,2021-12-23,East,48.0,55,Month-to-month,Fiber optic,52.42,2666.27,3,Yes
C101378,2023-06-16,East,79.0,37,Month-to-month,DSL,41.8,1526.27,3,No
C101379,2023-04-17,West,51.0,39,Month-to-month,Fiber optic,69.14,2529.76,3,Yes
C101380,2020-08-30,North,58.0,71,Month-to-month,Fiber optic,84.36,5931.46,2,No
C101381,2024-10-08,East,39.0,21,Month-to-month,Fiber optic,64.89,1353.58,4,No
C101382,2024-06-10,West,36.0,25,Month-to-month,DSL,42.09,974.2,3,No
C101383,2021-02-26,North,67.0,65,Month-to-month,None,23.28,1462.65,0,No
C101384,2024-03-12,South,69.0,28,Month-to-month,DSL,30.0,838.76,4,No
C101385,2025-02-05,East,21.0,17,Month-to-month,Fiber optic,50.62,855.78,1,Yes
C101386,2023-02-16,North,51.0,41,Month-to-month,Fiber optic,60.5,2386.29,0,Yes
C101387,2024-07-10,North,66.0,24,Two year,Fiber optic,56.44,1319.94,3,No
C101388,2021-02-26,West,27.0,65,Month-to-month,None,5.0,314.71,2,No
C101389,2021-01-27,East,58.0,66,Month-to-month,Fiber optic,75.29,4652.41,3,No
C101390,2024-08-09,North,47.0,23,Month-to-month,None,23.12,517.0,3,Yes
C101391,2023-04-17,West,49.0,39,Two year,DSL,46.68,1723.4,1,No
C101392,2020-08-30,East,54.0,71,One year,DSL,36.67,2465.68,3,No
C101393,2022-01-22,South,72.0,54,One year,None,20.95,1078.81,1,No
C101394,2025-03-07,West,23.0,16,Two year,Fiber optic,71.17,,0,No
C101395,2022-12-18,South,30.0,43,Month-to-month,DSL,41.82,1688.69,2,Yes
C101396,2022-10-19,South,39.0,45,Two year,Fiber optic,70.33,2975.16,2,No
C101397,2022-07-21,East,67.0,48,Month-to-month,None,10.45,461.77,2,No
C101398,2026-05-01,North,54.0,2,One year,DSL,46.17,86.1,2,No
C101399,2024-09-08,North,29.0,22,Month-to-month,Fiber optic,78.71,1728.67,1,Yes
C101400,2021-05-27,North,19.0,62,Month-to-month,None,34.78,2058.7,2,Yes
C101401,2025-01-06,South,79.0,18,Two year,Fiber optic,80.93,1362.95,1,Yes
C101402,2024-09-08,North,26.0,22,Month-to-month,Fiber optic,68.43,1501.33,1,No
C101403,2024-07-10,East,20.0,24,Two year,DSL,45.38,1004.35,3,No
C101404,2025-06-05,West,43.0,13,Month-to-month,DSL,39.61,493.68,0,No
C101405,2025-07-05,South,52.0,12,One year,None,5.0,59.06,1,Yes
C101406,2024-06-10,North,34.0,25,Two year,DSL,30.0,736.37,3,Yes
C101407,2021-04-27,North,28.0,63,Month-to-month,DSL,42.98,2532.11,1,No
C101408,2026-05-31,North,23.0,1,Two year,Fiber optic,63.7,62.21,4,No
C101409,2024-10-08,East,43.0,21,One year,Fiber optic,81.95,1668.95,1,Yes
C101410,2026-01-31,South,77.0,5,One year,None,35.78,174.25,2,Yes
C101411,2023-02-16,South,27.0,41,Month-to-month,Fiber optic,56.76,2190.53,1,Yes
C101412,2024-12-07,West,53.0,19,Month-to-month,DSL,54.82,1025.81,1,Yes
C101413,2021-09-24,South,30.0,58,One year,Fiber optic,59.28,3317.0,2,Yes
C101414,2022-12-18,East,59.0,43,Month-to-month,Fiber optic,73.19,3077.95,3,No
C101415,2021-10-24,West,21.0,57,Month-to-month,DSL,54.67,3101.13,2,No
C101416,2022-09-19,North,30.0,46,Month-to-month,DSL,59.91,2724.0,1,No
C101417,2023-11-13,North,18.0,32,Two year,DSL,39.09,1229.1,1,No
C101418,2021-05-27,North,58.0,62,Month-to-month,None,32.17,1881.19,2,No
C101419,2023-08-15,North,62.0,35,One year,Fiber optic,50.0,1617.57,0,No
C101420,2020-10-29,West,28.0,69,Two year,DSL,60.55,4035.78,1,No
C101421,2020-07-31,West,46.0,72,Month-to-month,Fiber optic,64.7,4298.59,4,Yes
C101422,2022-12-18,East,36.0,43,Month-to-month,DSL,44.96,1889.08,2,No
C101423,2022-06-21,North,20.0,49,One year,Fiber optic,50.0,2398.42,0,No
C101424,2024-12-07,West,20.0,19,Month-to-month,DSL,40.34,739.66,0,Yes
C101425,2021-08-25,West,76.0,59,One year,Fiber optic,81.27,4475.84,1,Yes
C101426,2022-06-21,South,58.0,49,One year,DSL,39.88,1934.69,1,No
C101427,2021-02-26,East,59.0,65,One year,DSL,53.56,3368.86,6,No
C101428,2024-11-07,East,36.0,20,Month-to-month,None,20.41,392.36,1,No
C101429,2021-10-24,East,34.0,57,One year,Fiber optic,77.75,4278.44,1,No
C101430,2023-09-14,South,67.0,34,One year,None,22.3,702.57,0,No
C101431,2025-05-06,South,45.0,14,Month-to-month,Fiber optic,53.82,737.83,1,Yes
C101432,2025-06-05,South,24.0,13,One year,Fiber optic,65.68,789.68,0,Yes
C101433,2023-02-16,South,48.0,41,Two year,Fiber optic,84.21,3336.16,0,No
C101434,2024-07-10,West,50.0,24,One year,Fiber optic,70.97,1590.08,1,Yes
C101435,2025-11-02,West,53.0,8,Month-to-month,DSL,43.6,326.69,0,Yes
C101436,2023-12-13,North,51.0,31,Month-to-month,Fiber optic,92.07,2679.1,1,Yes
C101437,2022-07-21,North,71.0,48,Month-to-month,Fiber optic,78.91,3489.0,0,No
C101438,2024-08-09,South,33.0,23,Month-to-month,DSL,54.8,1249.49,0,No
C101439,2020-10-29,West,54.0,69,Month-to-month,None,23.81,1617.16,2,No
C101440,2021-10-24,East,73.0,57,Two year,DSL,53.76,2826.84,1,No
C101441,2023-06-16,West,78.0,37,Month-to-month,DSL,54.15,1852.4,1,No
C101442,2020-11-28,East,77.0,68,Two year,Fiber optic,50.0,3340.94,3,No
C101443,2023-11-13,East,63.0,32,Month-to-month,DSL,49.74,1465.21,3,Yes
C101444,2025-08-04,East,24.0,11,Month-to-month,Fiber optic,63.07,664.3,4,Yes
C101445,2026-04-01,North,79.0,3,Month-to-month,Fiber optic,59.0,164.36,3,Yes
C101446,2020-11-28,North,19.0,68,Month-to-month,Fiber optic,62.65,4121.02,1,No
C101447,2020-09-29,East,52.0,70,One year,DSL,30.0,2099.72,2,Yes
C101448,2022-01-22,South,45.0,54,Two year,Fiber optic,50.0,2521.16,2,No
C101449,2025-11-02,East,60.0,8,Two year,DSL,59.96,478.02,0,No
C101450,2024-09-08,South,,22,Month-to-month,Fiber optic,70.55,1535.4,1,Yes
C101451,2026-04-01,North,63.0,3,One year,DSL,30.0,89.9,0,No
C101452,2026-03-02,East,32.0,4,Month-to-month,DSL,38.08,149.47,3,Yes
C101453,2025-01-06,West,64.0,18,Two year,Fiber optic,75.57,1344.7,0,No
C101454,2023-01-17,South,64.0,42,Month-to-month,Fiber optic,61.64,2504.92,0,No
C101455,2026-01-31,North,19.0,5,Month-to-month,DSL,59.94,296.52,0,Yes
C101456,2020-08-30,South,57.0,71,Month-to-month,DSL,57.6,3798.92,0,No
C101457,2023-10-14,West,25.0,33,Month-to-month,Fiber optic,50.0,1615.9,1,No
C101458,2024-12-07,South,52.0,19,Month-to-month,DSL,43.28,797.9,1,No
C101459,2023-05-17,North,32.0,38,Two year,Fiber optic,59.62,2095.16,0,No
C101460,2021-10-24,West,40.0,57,One year,Fiber optic,50.0,2688.48,0,No
C101461,2024-08-09,North,34.0,23,Two year,Fiber optic,50.0,1077.88,3,No
C101462,2026-03-02,North,71.0,4,Month-to-month,DSL,35.33,134.6,2,Yes
C101463,2026-03-02,East,74.0,4,One year,Fiber optic,57.31,214.54,0,No
C101464,2021-05-27,South,67.0,62,Month-to-month,DSL,48.4,2826.71,0,No
C101465,2025-10-03,North,62.0,9,Month-to-month,Fiber optic,77.53,658.47,0,Yes
C101466,2022-09-19,North,40.0,46,Month-to-month,DSL,51.16,2278.02,2,No
C101467,2024-03-12,North,26.0,28,Month-to-month,Fiber optic,74.0,1928.6,2,Yes
C101468,2021-11-23,North,53.0,56,One year,DSL,41.8,2198.69,0,No
C101469,2026-01-31,North,44.0,5,Month-to-month,DSL,52.24,246.93,1,Yes
C101470,2021-02-26,South,35.0,65,Month-to-month,Fiber optic,63.22,3928.18,1,Yes
C101471,2022-04-22,West,,51,One year,Fiber optic,59.7,2810.4,3,No
C101472,2023-10-14,South,27.0,33,Month-to-month,DSL,67.77,2236.27,1,No
C101473,2025-04-06,North,69.0,15,Two year,None,5.0,70.8,3,No
C101474,2020-08-30,West,37.0,71,Month-to-month,None,5.0,334.76,2,No
C101475,2024-09-08,East,74.0,22,Two year,Fiber optic,69.59,1476.46,1,No
C101476,2023-07-16,West,59.0,36,One year,DSL,41.82,1487.94,3,Yes
C101477,2024-02-11,East,28.0,29,One year,Fiber optic,50.0,1386.99,1,No
C101478,2025-02-05,South,21.0,17,One year,Fiber optic,52.34,836.31,1,No
C101479,2024-01-12,East,43.0,30,Two year,DSL,33.91,981.97,2,No
C101480,2025-08-04,North,23.0,11,One year,DSL,55.71,587.46,0,No
C101481,2026-05-31,South,77.0,1,Month-to-month,DSL,59.55,56.8,1,No
C101482,2024-10-08,South,74.0,21,Month-to-month,DSL,64.67,1356.32,1,Yes
C101483,2025-10-03,South,58.0,9,One year,Fiber optic,50.0,449.85,1,No
C101484,2024-01-12,West,36.0,30,Month-to-month,DSL,30.0,868.46,3,No
C101485,2021-04-27,West,71.0,63,Month-to-month,Fiber optic,50.0,2915.14,0,No
C101486,2025-07-05,South,58.0,12,Month-to-month,Fiber optic,80.47,932.18,0,Yes
C101487,2026-05-31,West,40.0,1,Month-to-month,Fiber optic,70.01,69.74,2,Yes
C101488,2025-11-02,North,72.0,8,Month-to-month,None,20.96,166.68,0,No
C101489,2023-06-16,West,31.0,37,One year,DSL,47.76,1656.22,1,No
C101490,2024-11-07,East,53.0,20,One year,Fiber optic,64.32,1203.05,1,No
C101491,2023-07-16,East,60.0,36,Two year,DSL,31.55,1058.77,0,No
C101492,2026-04-01,East,74.0,3,Month-to-month,None,26.16,77.35,1,Yes
C101493,2024-07-10,West,26.0,24,Month-to-month,None,17.77,,0,No
C101494,2024-01-12,East,35.0,30,One year,DSL,30.6,869.39,1,No
C101495,2023-11-13,West,70.0,32,Month-to-month,Fiber optic,71.89,2176.22,0,No
C101496,2023-03-18,East,48.0,40,One year,DSL,39.89,1503.11,2,No
C101497,2021-10-24,South,64.0,57,Month-to-month,DSL,47.73,2695.06,3,No
C101498,2023-09-14,North,65.0,34,Two year,None,18.5,599.3,1,No
C101499,2021-06-26,West,36.0,61,Month-to-month,DSL,55.7,3192.21,2,No
C101500,2023-04-17,North,38.0,39,Two year,DSL,47.64,1814.92,3,No
C101501,2024-12-07,North,48.0,19,One year,Fiber optic,54.4,1003.46,3,Yes
C101502,2025-02-05,North,19.0,17,Month-to-month,DSL,48.86,811.71,5,Yes
C101503,2024-07-10,North,67.0,24,One year,Fiber optic,69.26,1638.56,1,Yes
C101504,2022-11-18,North,25.0,44,Month-to-month,Fiber optic,71.14,2905.1,1,Yes
C101505,2025-01-06,South,75.0,18,One year,DSL,57.43,951.21,2,No
C101506,2021-01-27,South,66.0,66,One year,DSL,37.61,2293.72,0,No
C101507,2023-08-15,South,39.0,35,Month-to-month,None,28.02,957.7,0,No
C101508,2021-04-27,South,22.0,63,Month-to-month,DSL,30.0,1880.1,1,No
C101509,2022-05-22,South,66.0,50,One year,None,18.56,878.34,1,Yes
C101510,2024-06-10,North,45.0,25,Month-to-month,DSL,41.7,1024.25,1,No
C101511,2025-02-05,East,30.0,17,Two year,DSL,62.37,1037.32,2,No
C101512,2022-01-22,South,44.0,54,One year,Fiber optic,63.12,3402.5,2,No
C101513,2024-07-10,East,74.0,24,One year,DSL,52.3,1202.06,4,No
C101514,2025-01-06,North,60.0,18,Month-to-month,Fiber optic,50.0,839.96,1,No
C101515,2020-12-28,West,60.0,67,One year,Fiber optic,60.78,3995.78,0,No
C101516,2023-08-15,East,49.0,35,Two year,Fiber optic,54.84,1891.58,1,No
C101517,2026-03-02,South,27.0,4,Month-to-month,DSL,74.71,291.84,1,Yes
C101518,2023-07-16,South,76.0,36,Month-to-month,DSL,37.0,1317.42,1,No
C101519,2023-09-14,South,63.0,34,Month-to-month,None,20.88,674.21,1,Yes
C101520,2021-04-27,West,49.0,63,Month-to-month,None,21.52,1322.17,3,No
C101521,2022-03-23,East,62.0,52,One year,None,5.0,244.69,2,No
C101522,2025-05-06,South,40.0,14,Month-to-month,Fiber optic,58.69,785.27,1,Yes
C101523,2025-08-04,East,64.0,11,One year,None,24.86,256.89,0,No
C101524,2022-11-18,North,78.0,44,Month-to-month,None,21.03,862.73,1,No
C101525,2026-03-02,West,39.0,4,Month-to-month,None,5.0,18.46,2,Yes
C101526,2024-08-09,East,18.0,23,Month-to-month,Fiber optic,58.2,1303.41,0,No
C101527,2025-09-03,South,63.0,10,Two year,Fiber optic,77.25,764.79,3,No
C101528,2026-05-01,East,70.0,2,One year,None,27.06,51.15,2,No
C101529,2020-12-28,North,69.0,67,Month-to-month,Fiber optic,79.62,5090.96,3,No
C101530,2025-12-02,South,78.0,7,One year,Fiber optic,53.17,342.52,1,No
C101531,2026-05-31,West,39.0,1,Month-to-month,DSL,60.37,57.53,1,No
C101532,2020-11-28,West,74.0,68,Month-to-month,Fiber optic,64.47,4131.91,0,No
C101533,2025-05-06,North,30.0,14,Month-to-month,Fiber optic,84.11,1137.43,2,Yes
C101534,2021-08-25,East,54.0,59,Two year,None,20.04,1173.71,1,No
C101535,2026-04-01,East,73.0,3,One year,None,5.0,14.41,0,No
C101536,2025-07-05,East,74.0,12,One year,None,30.19,352.88,2,No
C101537,2025-11-02,South,56.0,8,Month-to-month,Fiber optic,59.68,466.19,1,Yes
C101538,2022-04-22,East,51.0,51,Month-to-month,Fiber optic,60.49,2875.81,1,No
C101539,2022-10-19,South,46.0,45,One year,Fiber optic,50.0,2132.38,1,No
C101540,2023-08-15,West,71.0,35,Month-to-month,DSL,64.47,,2,No
C101541,2025-01-06,West,72.0,18,Two year,Fiber optic,58.75,1010.19,4,Yes
C101542,2025-12-02,West,32.0,7,One year,DSL,63.9,443.27,3,No
C101543,2023-02-16,South,26.0,41,Month-to-month,None,14.83,582.78,0,No
C101544,2025-02-05,East,68.0,17,One year,DSL,33.87,550.74,2,No
C101545,2022-12-18,North,68.0,43,Two year,Fiber optic,80.83,3255.84,1,No
C101546,2022-05-22,West,24.0,50,Month-to-month,Fiber optic,64.12,3029.08,0,No
C101547,2021-05-27,West,48.0,62,One year,Fiber optic,64.24,3962.68,0,No
C101548,2023-07-16,West,49.0,36,Two year,Fiber optic,50.0,1699.63,0,No
C101549,2026-05-31,North,20.0,1,Month-to-month,DSL,39.51,38.66,5,Yes
C101550,2024-10-08,South,59.0,21,Two year,Fiber optic,70.14,1360.07,3,No
C101551,2021-05-27,South,78.0,62,Month-to-month,DSL,30.0,1730.29,1,Yes
C101552,2023-04-17,West,31.0,39,One year,None,13.53,498.61,0,No
C101553,2022-10-19,East,66.0,45,One year,Fiber optic,59.95,2676.47,2,Yes
C101554,2023-10-14,East,23.0,33,One year,Fiber optic,65.8,2035.78,0,No
C101555,2025-07-05,South,31.0,12,Month-to-month,Fiber optic,82.75,971.29,1,Yes
C101556,2021-02-26,North,53.0,65,One year,Fiber optic,61.4,3725.21,0,No
C101557,2021-11-23,East,75.0,56,Month-to-month,DSL,36.71,,3,No
C101558,2020-07-31,East,72.0,72,Month-to-month,DSL,75.0,5221.51,1,No
C101559,2021-05-27,South,75.0,62,Month-to-month,None,14.8,889.85,2,No
C101560,2024-10-08,East,79.0,21,One year,DSL,42.71,845.7,1,No
C101561,2024-12-07,South,67.0,19,Month-to-month,Fiber optic,60.71,1076.17,0,Yes
C101562,2025-01-06,East,40.0,18,Month-to-month,Fiber optic,61.68,1100.16,1,Yes
C101563,2020-12-28,South,25.0,67,Two year,Fiber optic,65.93,4265.16,1,No
C101564,2023-02-16,West,68.0,41,Month-to-month,Fiber optic,76.05,2921.5,4,Yes
C101565,2023-10-14,West,29.0,33,Month-to-month,None,24.85,781.56,0,No
C101566,2020-09-29,South,50.0,70,Month-to-month,DSL,57.93,3752.46,1,No
C101567,2022-11-18,North,64.0,44,Month-to-month,Fiber optic,77.53,3268.15,0,No
C101568,2021-01-27,East,20.0,66,One year,Fiber optic,67.5,4249.67,0,No
C101569,2020-08-30,West,74.0,71,Month-to-month,Fiber optic,69.52,4593.46,1,No
C101570,2026-01-01,East,36.0,6,Month-to-month,None,33.3,190.92,1,No
C101571,2024-04-11,South,31.0,27,Two year,Fiber optic,51.67,1354.86,1,No
C101572,2022-02-21,East,41.0,53,Two year,Fiber optic,94.98,5005.14,3,No
C101573,2021-08-25,South,46.0,59,One year,Fiber optic,58.85,3389.7,3,No
C101574,2025-08-04,West,46.0,11,Two year,DSL,40.79,430.83,0,No
C101575,2024-08-09,East,27.0,23,Two year,DSL,30.46,687.69,0,No
C101576,2023-03-18,East,29.0,40,Month-to-month,DSL,30.81,1161.41,0,No
C101577,2021-09-24,South,47.0,58,One year,Fiber optic,76.69,4330.16,0,No
C101578,2025-10-03,North,32.0,9,One year,Fiber optic,92.24,764.08,0,No
C101579,2022-11-18,East,57.0,44,Month-to-month,None,13.19,537.3,5,No
C101580,2024-09-08,South,73.0,22,Month-to-month,Fiber optic,69.17,1476.0,1,No
C101581,2025-03-07,West,19.0,16,Month-to-month,Fiber optic,67.64,1012.33,3,Yes
C101582,2023-05-17,North,20.0,38,One year,DSL,57.0,2112.06,1,Yes
C101583,2024-01-12,West,57.0,30,One year,Fiber optic,91.62,2668.73,0,No
C101584,2022-09-19,West,19.0,46,One year,Fiber optic,83.25,3542.64,0,No
C101585,2024-08-09,East,57.0,23,Month-to-month,DSL,42.14,922.12,0,Yes
C101586,2021-07-26,West,48.0,60,Month-to-month,DSL,51.35,2985.61,2,No
C101587,2026-01-01,East,46.0,6,Month-to-month,Fiber optic,72.54,425.26,2,Yes
C101588,2021-04-27,North,55.0,63,Month-to-month,Fiber optic,64.76,4019.85,2,Yes
C101589,2026-04-01,South,73.0,3,Two year,DSL,31.85,90.43,2,No
C101590,2022-02-21,West,25.0,53,Two year,Fiber optic,55.41,2898.37,1,No
C101591,2024-06-10,West,26.0,25,Two year,Fiber optic,78.78,1867.76,2,No
C101592,2024-03-12,North,61.0,28,Two year,DSL,60.02,1547.05,2,No
C101593,2026-05-01,North,21.0,2,Two year,DSL,42.51,82.37,1,No
C101594,2022-04-22,West,44.0,51,Month-to-month,None,23.13,1108.07,2,No
C101595,2025-07-05,North,48.0,12,Month-to-month,Fiber optic,79.37,885.72,2,Yes
C101596,2022-07-21,West,42.0,48,Month-to-month,Fiber optic,50.0,2257.6,1,Yes
C101597,2022-02-21,East,51.0,53,Month-to-month,DSL,39.64,2072.0,2,No
C101598,2021-06-26,West,25.0,61,Month-to-month,DSL,69.21,4192.76,3,No
C101599,2022-04-22,North,,51,Month-to-month,Fiber optic,68.59,3487.37,0,Yes
C101600,2024-09-08,South,18.0,22,Two year,DSL,31.45,653.31,0,No
C101601,2022-01-22,East,77.0,54,Month-to-month,Fiber optic,66.41,,1,Yes
C101602,2021-07-26,North,69.0,60,Two year,None,32.26,1905.02,1,No
C101603,2024-08-09,North,33.0,23,One year,None,5.0,108.72,0,No
C101604,2025-10-03,East,20.0,9,One year,Fiber optic,67.12,574.37,3,No
C101605,2021-02-26,North,34.0,65,One year,None,15.53,947.86,2,No
C101606,2025-08-04,West,77.0,11,Month-to-month,None,5.0,53.12,2,Yes
C101607,2022-12-18,East,68.0,43,One year,Fiber optic,65.98,2759.8,1,No
C101608,2025-01-06,East,58.0,18,Month-to-month,Fiber optic,63.36,1078.3,0,Yes
C101609,2025-09-03,East,75.0,10,Two year,DSL,44.71,412.2,2,No
C101610,2021-11-23,East,28.0,56,Month-to-month,Fiber optic,60.82,3333.96,2,No
C101611,2025-08-04,West,51.0,11,Month-to-month,Fiber optic,52.74,562.35,4,Yes
C101612,2022-06-21,North,67.0,49,One year,Fiber optic,50.0,2296.92,1,No
C101613,2022-05-22,North,19.0,50,One year,None,11.71,553.4,0,No
C101614,2026-01-31,East,44.0,5,Month-to-month,Fiber optic,75.31,375.26,1,Yes
C101615,2025-06-05,North,40.0,13,One year,DSL,47.8,603.02,2,Yes
C101616,2021-09-24,North,28.0,58,Month-to-month,Fiber optic,64.17,3601.41,4,No
C101617,2023-06-16,North,31.0,37,One year,Fiber optic,52.52,1887.23,0,No
C101618,2025-10-03,North,78.0,9,Month-to-month,None,15.51,139.08,1,No
C101619,2020-07-31,South,49.0,72,Month-to-month,Fiber optic,73.85,5036.39,2,No
C101620,2024-11-07,East,23.0,20,Month-to-month,Fiber optic,71.06,1339.44,2,Yes
C101621,2026-05-31,North,60.0,1,Month-to-month,Fiber optic,59.27,56.31,3,Yes
C101622,2020-12-28,West,54.0,67,Month-to-month,DSL,30.0,1977.99,0,No
C101623,2026-05-01,West,42.0,2,Month-to-month,Fiber optic,56.9,105.8,0,Yes
C101624,2023-03-18,East,42.0,40,Month-to-month,Fiber optic,59.21,2218.12,1,No
C101625,2020-07-31,North,51.0,72,Month-to-month,Fiber optic,54.11,3655.38,3,Yes
C101626,2023-01-17,East,75.0,42,Month-to-month,Fiber optic,60.04,2448.32,1,No
C101627,2022-12-18,West,65.0,43,Month-to-month,Fiber optic,74.8,3124.18,1,No
C101628,2024-03-12,North,42.0,28,One year,DSL,44.55,1184.72,1,No
C101629,2025-09-03,East,33.0,10,Two year,Fiber optic,76.88,724.28,2,Yes
C101630,2023-01-17,East,24.0,42,Month-to-month,Fiber optic,50.0,2058.78,0,No
C101631,2021-02-26,East,30.0,65,Two year,DSL,41.34,2478.95,2,No
C101632,2025-12-02,West,26.0,7,Month-to-month,DSL,30.0,205.61,0,Yes
C101633,2021-03-28,North,67.0,64,Month-to-month,Fiber optic,59.88,3590.2,0,No
C101634,2024-01-12,North,53.0,30,One year,Fiber optic,52.45,1561.26,1,No
C101635,2023-04-17,North,20.0,39,One year,Fiber optic,80.38,2987.78,2,No
C101636,2025-07-05,South,75.0,12,Two year,None,24.92,290.48,1,No
C101637,2022-10-19,South,27.0,45,Month-to-month,Fiber optic,77.18,3228.86,1,Yes
C101638,2025-05-06,West,58.0,14,One year,Fiber optic,59.85,787.89,2,No
C101639,2024-11-07,East,18.0,20,Month-to-month,Fiber optic,52.76,1029.93,2,Yes
C101640,2022-03-23,East,54.0,52,Month-to-month,Fiber optic,52.38,2625.78,0,No
C101641,2026-03-02,East,52.0,4,Month-to-month,Fiber optic,68.19,267.75,2,Yes
C101642,2023-10-14,West,74.0,33,Two year,Fiber optic,86.72,2761.8,2,Yes
C101643,2022-12-18,South,55.0,43,Month-to-month,DSL,49.95,2073.85,0,No
C101644,2025-09-03,East,48.0,10,Two year,DSL,40.5,400.41,2,No
C101645,2024-09-08,South,50.0,22,One year,DSL,42.73,896.79,4,No
C101646,2024-06-10,North,57.0,25,One year,DSL,44.62,1106.13,2,No
C101647,2022-07-21,West,43.0,48,One year,Fiber optic,89.32,4072.04,0,No
C101648,2020-08-30,North,62.0,71,Two year,None,34.8,2338.09,1,No
C101649,2021-06-26,South,50.0,61,Month-to-month,DSL,48.12,2883.52,2,No
C101650,2025-05-06,South,78.0,14,Month-to-month,DSL,46.32,597.2,2,Yes
C101651,2026-05-01,North,30.0,2,One year,DSL,48.59,90.74,0,No
C101652,2026-03-02,West,63.0,4,Month-to-month,Fiber optic,70.93,262.65,1,No
C101653,2022-12-18,South,69.0,43,Month-to-month,Fiber optic,60.04,2480.95,1,Yes
C101654,2025-07-05,South,62.0,12,Month-to-month,Fiber optic,54.87,638.85,3,Yes
C101655,2025-02-05,South,78.0,17,Month-to-month,Fiber optic,77.39,1211.47,2,Yes
C101656,2021-05-27,West,44.0,62,Month-to-month,DSL,45.26,2617.88,3,No
C101657,2021-04-27,South,51.0,63,Month-to-month,Fiber optic,76.38,4543.45,2,No
C101658,2021-06-26,West,27.0,61,Two year,Fiber optic,84.75,4877.86,1,No
C101659,2024-12-07,East,41.0,19,Month-to-month,None,26.25,462.73,0,No
C101660,2022-10-19,West,27.0,45,Two year,DSL,49.3,2071.7,2,No
C101661,2022-11-18,East,67.0,44,Two year,DSL,75.0,3259.62,1,No
C101662,2025-05-06,West,66.0,14,Month-to-month,Fiber optic,67.48,922.09,5,Yes
C101663,2023-03-18,East,29.0,40,One year,DSL,31.91,1204.52,1,No
C101664,2023-05-17,North,67.0,38,One year,None,16.63,594.7,1,No
C101665,2024-02-11,North,37.0,29,One year,DSL,63.62,1709.22,1,No
C101666,2021-12-23,West,63.0,55,Month-to-month,DSL,30.0,1564.06,1,No
C101667,2022-06-21,North,76.0,49,Month-to-month,DSL,35.97,1677.66,4,No
C101668,2023-04-17,North,69.0,39,Month-to-month,Fiber optic,78.28,3029.52,2,Yes
C101669,2022-02-21,West,29.0,53,One year,DSL,41.74,2166.76,1,No
C101670,2021-12-23,South,29.0,55,Two year,None,18.68,984.59,1,No
C101671,2023-02-16,North,24.0,41,One year,Fiber optic,77.88,2972.08,0,No
C101672,2024-11-07,North,70.0,20,One year,Fiber optic,56.4,1096.97,2,No
C101673,2021-12-23,South,51.0,55,Two year,Fiber optic,50.0,2735.92,0,No
C101674,2022-03-23,West,27.0,52,One year,Fiber optic,50.0,2408.23,0,Yes
C101675,2020-08-30,South,54.0,71,Month-to-month,None,26.98,,3,No
C101676,2025-08-04,West,50.0,11,Two year,DSL,48.11,494.5,3,No
C101677,2023-12-13,East,55.0,31,Month-to-month,Fiber optic,56.69,1715.39,2,Yes
C101678,2020-12-28,South,57.0,67,Month-to-month,Fiber optic,51.09,3199.54,0,No
C101679,2023-05-17,North,28.0,38,Month-to-month,Fiber optic,61.75,2271.41,0,Yes
C101680,2020-11-28,West,42.0,68,Two year,Fiber optic,78.4,5006.05,2,No
C101681,2026-05-31,West,62.0,1,Month-to-month,DSL,34.97,33.69,0,No
C101682,2026-04-01,North,74.0,3,Month-to-month,DSL,37.05,107.59,3,Yes
C101683,2021-09-24,South,33.0,58,Month-to-month,DSL,30.71,1726.82,4,No
C101684,2024-05-11,East,53.0,26,Month-to-month,Fiber optic,60.59,1535.36,2,No
C101685,2023-05-17,West,76.0,38,Month-to-month,DSL,49.06,1725.43,2,No
C101686,2023-12-13,West,55.0,31,One year,DSL,70.38,2130.01,2,No
C101687,2024-01-12,South,32.0,30,Two year,Fiber optic,67.61,1891.12,2,No
C101688,2020-11-28,West,54.0,68,Month-to-month,DSL,44.36,2938.54,0,No
C101689,2025-12-02,East,19.0,7,Month-to-month,DSL,55.36,360.36,3,Yes
C101690,2021-11-23,South,48.0,56,Month-to-month,None,28.35,1521.48,2,No
C101691,2021-02-26,South,53.0,65,Month-to-month,Fiber optic,58.07,3589.38,2,Yes
C101692,2022-07-21,West,21.0,48,One year,Fiber optic,92.62,4434.15,0,Yes
C101693,2024-02-11,West,30.0,29,One year,DSL,44.71,1258.29,0,No
C101694,2025-07-05,West,79.0,12,One year,Fiber optic,67.84,754.7,1,No
C101695,2022-05-22,South,56.0,50,Month-to-month,Fiber optic,71.62,3495.31,2,Yes
C101696,2023-09-14,South,46.0,34,One year,DSL,49.15,1563.37,0,No
C101697,2025-08-04,West,32.0,11,Month-to-month,Fiber optic,83.3,863.97,1,Yes
C101698,2024-05-11,South,25.0,26,Month-to-month,DSL,37.92,936.9,1,No
C101699,2020-09-29,West,44.0,70,Two year,None,29.4,2021.16,1,No
C101700,2024-11-07,East,51.0,20,One year,DSL,46.97,935.2,0,No
C101701,2025-06-05,East,29.0,13,Two year,DSL,56.79,733.8,1,No
C101702,2022-05-22,North,67.0,50,Two year,DSL,42.42,1980.28,1,No
C101703,2025-04-06,North,44.0,15,One year,Fiber optic,60.8,843.45,2,No
C101704,2020-12-28,East,21.0,67,Two year,Fiber optic,73.78,4875.45,1,No
C101705,2021-05-27,South,26.0,62,Month-to-month,DSL,49.3,2882.55,1,No
C101706,2020-08-30,East,71.0,71,Month-to-month,Fiber optic,55.16,3785.66,1,Yes
C101707,2021-01-27,West,38.0,66,Month-to-month,Fiber optic,81.15,5346.74,3,Yes
C101708,2025-01-06,North,41.0,18,Month-to-month,Fiber optic,73.79,1241.77,3,Yes
C101709,2025-03-07,West,30.0,16,Month-to-month,None,19.11,290.47,0,No
C101710,2024-06-10,North,68.0,25,Month-to-month,Fiber optic,59.38,1468.78,1,No
C101711,2023-09-14,North,68.0,34,One year,DSL,49.37,1631.58,2,No
C101712,2021-03-28,West,33.0,64,One year,Fiber optic,72.93,4644.2,3,No
C101713,2022-02-21,North,63.0,53,One year,DSL,30.0,1543.15,0,No
C101714,2022-08-20,East,46.0,47,Month-to-month,Fiber optic,69.51,3084.95,5,Yes
C101715,2021-03-28,North,28.0,64,One year,Fiber optic,72.83,4588.45,2,No
C101716,2022-08-20,North,67.0,47,Month-to-month,DSL,30.0,1382.84,0,No
C101717,2024-03-12,North,23.0,28,Month-to-month,DSL,47.35,1318.76,2,No
C101718,2024-01-12,East,72.0,30,Month-to-month,Fiber optic,73.34,2108.0,3,Yes
C101719,2023-05-17,South,19.0,38,Month-to-month,Fiber optic,71.97,2626.09,1,Yes
C101720,2025-12-02,North,38.0,7,Month-to-month,Fiber optic,74.63,494.15,1,Yes
C101721,2022-01-22,West,32.0,54,Two year,Fiber optic,61.07,3104.86,0,No
C101722,2022-08-20,North,32.0,47,One year,DSL,32.52,1528.02,0,No
C101723,2022-02-21,North,47.0,53,One year,Fiber optic,50.0,2645.18,2,No
C101724,2023-04-17,North,64.0,39,Month-to-month,DSL,58.11,2181.01,4,Yes
C101725,2021-10-24,West,42.0,57,Two year,Fiber optic,73.44,4171.04,4,No
C101726,2020-10-29,South,49.0,69,One year,DSL,59.02,3862.62,2,No
C101727,2023-01-17,West,78.0,42,Month-to-month,Fiber optic,56.3,2336.22,0,Yes
C101728,2023-11-13,West,48.0,32,One year,DSL,54.65,1697.72,0,No
C101729,2025-11-02,South,67.0,8,Month-to-month,Fiber optic,50.0,390.95,0,No
C101730,2021-10-24,West,41.0,57,Month-to-month,None,9.57,,1,No
C101731,2021-01-27,South,22.0,66,Month-to-month,DSL,46.51,2980.23,1,Yes
C101732,2022-04-22,East,33.0,51,Month-to-month,DSL,52.96,2669.05,1,No
C101733,2021-04-27,East,27.0,63,Month-to-month,Fiber optic,85.15,5103.53,2,No
C101734,2021-04-27,West,74.0,63,Month-to-month,Fiber optic,62.12,3866.34,5,No
C101735,2021-09-24,North,19.0,58,Month-to-month,Fiber optic,54.61,2960.47,2,No
C101736,2023-06-16,North,68.0,37,Two year,Fiber optic,53.99,1869.78,0,Yes
C101737,2025-11-02,East,26.0,8,Month-to-month,DSL,36.75,287.35,0,No
C101738,2026-05-31,West,27.0,1,Month-to-month,None,46.65,45.72,2,Yes
C101739,2025-04-06,East,50.0,15,Month-to-month,DSL,54.08,804.86,1,Yes
C101740,2023-11-13,North,23.0,32,Two year,DSL,58.35,1758.86,1,No
C101741,2022-01-22,North,22.0,54,One year,Fiber optic,62.13,3101.67,0,No
C101742,2023-10-14,East,66.0,33,Two year,Fiber optic,64.98,2059.85,3,No
C101743,2026-05-01,West,21.0,2,Month-to-month,DSL,53.39,105.72,2,Yes
C101744,2025-03-07,East,55.0,16,Month-to-month,Fiber optic,58.93,940.73,1,Yes
C101745,2020-08-30,South,25.0,71,One year,Fiber optic,61.5,4316.84,1,No
C101746,2020-07-31,East,23.0,72,Month-to-month,None,11.9,821.84,1,No
C101747,2024-03-12,North,59.0,28,Two year,None,14.63,405.16,2,No
C101748,2021-09-24,South,42.0,58,Two year,DSL,45.59,2477.95,0,No
C101749,2022-03-23,West,19.0,52,Month-to-month,Fiber optic,55.14,2849.2,1,No
C101750,2020-11-28,East,60.0,68,Two year,None,23.43,1538.03,2,No
C101751,2021-03-28,North,78.0,64,One year,Fiber optic,68.41,4164.36,1,No
C101752,2022-09-19,North,52.0,46,Month-to-month,Fiber optic,62.85,2794.34,1,Yes
C101753,2024-02-11,North,41.0,29,Month-to-month,Fiber optic,55.07,1569.43,3,Yes
C101754,2022-09-19,South,70.0,46,Month-to-month,None,21.26,918.51,4,No
C101755,2024-08-09,North,38.0,23,Two year,None,13.94,297.58,5,No
C101756,2024-05-11,West,56.0,26,Month-to-month,DSL,45.56,1159.27,4,Yes
C101757,2022-11-18,South,47.0,44,Month-to-month,Fiber optic,78.18,3426.84,1,No
C101758,2023-01-17,North,63.0,42,One year,DSL,30.0,1223.41,4,Yes
C101759,2023-01-17,South,50.0,42,Month-to-month,Fiber optic,91.08,3562.97,0,No
C101760,2024-03-12,East,47.0,28,Month-to-month,None,19.13,520.36,5,No
C101761,2024-01-12,East,44.0,30,One year,Fiber optic,69.94,1949.92,2,No
C101762,2026-05-31,West,36.0,1,Month-to-month,Fiber optic,55.97,52.85,1,Yes
C101763,2022-11-18,South,48.0,44,Month-to-month,DSL,58.71,2383.11,0,Yes
C101764,2023-01-17,East,21.0,42,Month-to-month,DSL,43.49,1751.69,1,No
C101765,2020-11-28,East,39.0,68,Month-to-month,None,15.27,981.99,2,No
C101766,2023-06-16,North,22.0,37,Month-to-month,Fiber optic,58.09,1994.15,2,Yes
C101767,2023-09-14,North,37.0,34,One year,DSL,41.78,1342.0,4,No
C101768,2026-01-31,West,39.0,5,Two year,Fiber optic,70.02,340.23,1,No
C101769,2025-04-06,South,19.0,15,Month-to-month,Fiber optic,67.07,948.83,1,Yes
C101770,2024-06-10,East,36.0,25,Two year,DSL,44.52,1036.7,1,No
C101771,2024-03-12,West,59.0,28,One year,Fiber optic,56.46,1523.31,1,No
C101772,2024-04-11,North,78.0,27,One year,DSL,35.77,946.72,1,No
C101773,2024-02-11,West,56.0,29,One year,Fiber optic,59.47,1701.19,1,No
C101774,2021-11-23,North,62.0,56,One year,Fiber optic,70.52,3782.34,1,No
C101775,2025-09-03,East,59.0,10,Two year,DSL,52.95,517.26,2,No
C101776,2024-07-10,North,76.0,24,Month-to-month,Fiber optic,74.56,1765.58,1,No
C101777,2025-07-05,South,76.0,12,Month-to-month,DSL,44.98,525.64,1,Yes
C101778,2024-08-09,South,25.0,23,Month-to-month,DSL,49.6,1097.66,2,No
C101779,2022-05-22,South,47.0,50,Month-to-month,Fiber optic,62.98,2912.18,1,Yes
C101780,2026-03-02,North,74.0,4,One year,DSL,30.0,113.18,0,No
C101781,2024-06-10,West,72.0,25,Month-to-month,Fiber optic,62.41,1475.35,1,Yes
C101782,2026-05-01,North,51.0,2,Month-to-month,Fiber optic,60.5,115.14,0,Yes
C101783,2020-10-29,West,45.0,69,Month-to-month,Fiber optic,52.53,3610.33,3,No
C101784,2022-02-21,North,21.0,53,Month-to-month,None,13.19,654.83,2,No
C101785,2025-01-06,East,47.0,18,One year,DSL,46.62,808.38,1,No
C101786,2025-04-06,East,49.0,15,One year,DSL,31.4,470.67,2,No
C101787,2025-11-02,South,57.0,8,Month-to-month,None,11.47,88.96,1,Yes
C101788,2023-08-15,East,50.0,35,Month-to-month,Fiber optic,83.57,2739.84,0,Yes
C101789,2021-12-23,North,31.0,55,Month-to-month,None,5.0,274.12,1,No
C101790,2022-12-18,West,78.0,43,Month-to-month,DSL,42.8,1742.68,1,No
C101791,2021-03-28,North,31.0,64,One year,None,6.0,354.75,4,No
C101792,2024-06-10,East,41.0,25,One year,None,10.98,262.01,1,No
C101793,2024-10-08,North,49.0,21,Month-to-month,None,17.63,347.74,1,No
C101794,2023-08-15,East,36.0,35,Month-to-month,Fiber optic,53.15,1833.29,3,No
C101795,2025-04-06,South,22.0,15,Two year,DSL,51.89,729.78,1,No
C101796,2020-08-30,South,55.0,71,One year,DSL,61.21,4283.28,1,No
C101797,2025-05-06,North,32.0,14,Month-to-month,DSL,55.1,711.92,3,Yes
C101798,2023-08-15,North,72.0,35,Month-to-month,Fiber optic,77.3,2690.17,1,Yes
C101799,2023-05-17,South,67.0,38,Month-to-month,None,5.0,175.44,0,No
C101800,2026-01-31,East,44.0,5,Two year,Fiber optic,62.08,308.87,2,Yes
C101801,2023-09-14,East,46.0,34,Month-to-month,DSL,50.61,1593.23,2,No
C101802,2023-10-14,South,76.0,33,Month-to-month,DSL,55.45,1811.2,2,Yes
C101803,2024-12-07,East,19.0,19,Two year,Fiber optic,86.04,1612.7,0,No
C101804,2025-09-03,North,41.0,10,One year,DSL,57.83,559.54,2,No
C101805,2026-03-02,East,21.0,4,Month-to-month,Fiber optic,75.76,279.67,0,Yes
C101806,2026-05-31,East,26.0,1,Month-to-month,DSL,75.0,72.73,2,Yes
C101807,2023-08-15,North,75.0,35,Month-to-month,None,21.16,717.96,2,No
C101808,2025-12-02,North,24.0,7,One year,Fiber optic,61.53,415.45,0,Yes
C101809,2020-09-29,East,77.0,70,Month-to-month,DSL,47.13,3201.85,0,No
C101810,2025-01-06,East,66.0,18,Two year,Fiber optic,54.02,969.88,3,No
C101811,2022-08-20,West,57.0,47,Two year,None,20.81,977.72,2,No
C101812,2022-06-21,South,64.0,49,Month-to-month,None,5.0,235.6,0,No
C101813,2023-07-16,South,29.0,36,One year,Fiber optic,58.65,1957.99,3,No
C101814,2021-03-28,South,25.0,64,Month-to-month,DSL,43.62,2598.27,1,No
C101815,2025-11-02,West,40.0,8,Month-to-month,DSL,56.4,441.11,1,No
C101816,2025-02-05,South,65.0,17,One year,DSL,58.33,990.18,2,No
C101817,2024-12-07,South,36.0,19,Month-to-month,DSL,33.44,606.7,1,Yes
C101818,2025-09-03,South,28.0,10,Month-to-month,DSL,69.91,648.66,4,Yes
C101819,2024-09-08,East,66.0,22,Month-to-month,DSL,46.78,975.89,3,No
C101820,2024-08-09,East,57.0,23,Month-to-month,Fiber optic,67.88,1484.43,4,Yes
C101821,2021-11-23,South,51.0,56,Month-to-month,Fiber optic,50.0,2799.24,0,No
C101822,2024-09-08,South,43.0,22,One year,None,12.56,269.39,2,No
C101823,2021-03-28,East,66.0,64,Two year,Fiber optic,77.6,4615.92,1,No
C101824,2021-11-23,South,63.0,56,One year,DSL,47.04,2494.54,1,No
C101825,2021-02-26,West,40.0,65,Two year,Fiber optic,66.29,3980.88,1,No
C101826,2025-11-02,East,26.0,8,Month-to-month,None,22.73,176.79,2,Yes
C101827,2020-08-30,South,71.0,71,Two year,DSL,30.0,2074.23,1,No
C101828,2022-10-19,North,26.0,45,Month-to-month,Fiber optic,63.84,2656.19,3,Yes
C101829,2020-08-30,West,44.0,71,Month-to-month,Fiber optic,81.9,5505.79,0,Yes
C101830,2024-05-11,East,73.0,26,Two year,Fiber optic,78.04,2013.27,1,No
C101831,2020-10-29,West,43.0,69,Month-to-month,None,18.5,1258.81,1,No
C101832,2022-12-18,East,69.0,43,Month-to-month,DSL,63.76,2648.29,1,No
C101833,2026-01-01,West,48.0,6,Month-to-month,DSL,30.0,172.58,1,No
C101834,2024-01-12,North,64.0,30,Month-to-month,DSL,33.34,999.63,2,Yes
C101835,2025-09-03,North,54.0,10,Month-to-month,Fiber optic,87.36,854.18,1,Yes
C101836,2020-11-28,East,35.0,68,Month-to-month,Fiber optic,71.94,4873.38,1,No
C101837,2024-09-08,North,73.0,22,Two year,Fiber optic,61.53,1253.12,4,No
C101838,2025-02-05,West,46.0,17,Month-to-month,Fiber optic,64.34,1024.84,0,No
C101839,2023-03-18,West,46.0,40,Month-to-month,DSL,35.32,1303.29,2,Yes
C101840,2023-12-13,East,58.0,31,Month-to-month,None,23.32,715.28,3,Yes
C101841,2025-12-02,East,75.0,7,Two year,None,22.37,152.76,4,No
C101842,2021-08-25,South,72.0,59,Month-to-month,None,20.24,1115.6,2,No
C101843,2021-06-26,West,42.0,61,Month-to-month,DSL,31.08,1891.97,1,No
C101844,2022-01-22,North,32.0,54,Month-to-month,Fiber optic,68.18,3668.7,2,Yes
C101845,2022-10-19,South,38.0,45,One year,DSL,38.65,1631.36,1,No
C101846,2024-02-11,East,34.0,29,One year,None,8.17,230.24,4,No
C101847,2023-03-18,West,36.0,40,One year,DSL,60.2,2344.06,2,No
C101848,2023-05-17,North,44.0,38,One year,DSL,71.04,2484.43,1,No
C101849,2025-07-05,West,19.0,12,Month-to-month,DSL,68.31,799.31,1,Yes
C101850,2026-01-01,South,51.0,6,Month-to-month,DSL,52.8,297.07,1,No
C101851,2024-12-07,West,70.0,19,Month-to-month,None,16.81,316.87,0,Yes
C101852,2023-10-14,South,44.0,33,Month-to-month,DSL,44.16,1438.45,2,Yes
C101853,2025-07-05,East,22.0,12,Month-to-month,Fiber optic,69.87,832.09,3,Yes
C101854,2025-11-02,North,42.0,8,Month-to-month,Fiber optic,59.96,470.38,2,Yes
C101855,2021-05-27,North,38.0,62,Month-to-month,DSL,60.83,3519.5,2,Yes
C101856,2024-04-11,East,54.0,27,One year,Fiber optic,50.0,1280.94,1,No
C101857,2022-12-18,East,33.0,43,Month-to-month,None,16.45,690.88,4,No
C101858,2023-05-17,South,36.0,38,One year,DSL,54.61,1962.84,0,No
C101859,2022-02-21,East,64.0,53,One year,DSL,34.86,1804.72,0,No
C101860,2022-01-22,West,28.0,54,Month-to-month,Fiber optic,62.12,3176.33,0,No
C101861,2024-09-08,South,75.0,22,Month-to-month,DSL,52.12,1071.21,0,No
C101862,2021-05-27,East,36.0,62,One year,DSL,63.22,3768.55,1,No
C101863,2024-04-11,North,68.0,27,One year,Fiber optic,50.0,1316.11,0,No
C101864,2021-06-26,East,23.0,61,Month-to-month,None,5.0,293.22,1,No
C101865,2024-01-12,West,37.0,30,Month-to-month,Fiber optic,53.65,1563.39,0,Yes
C101866,2025-11-02,East,41.0,8,One year,Fiber optic,50.0,382.02,0,No
C101867,2021-12-23,North,46.0,55,One year,Fiber optic,50.0,2701.23,1,No
C101868,2026-04-01,East,23.0,3,Month-to-month,DSL,33.33,97.19,5,No
C101869,2021-11-23,South,33.0,56,Month-to-month,DSL,59.8,3234.84,2,No
C101870,2026-03-02,North,72.0,4,Two year,None,16.26,62.1,1,No
C101871,2025-04-06,East,75.0,15,Month-to-month,Fiber optic,65.38,944.28,1,No
C101872,2022-11-18,South,45.0,44,Two year,None,8.53,346.83,3,No
C101873,2020-11-28,West,25.0,68,Month-to-month,DSL,52.6,3481.43,1,No
C101874,2024-01-12,West,,30,Month-to-month,Fiber optic,87.51,2458.21,4,No
C101875,2025-10-03,East,77.0,9,Month-to-month,Fiber optic,54.35,483.68,1,Yes
C101876,2025-02-05,East,74.0,17,Month-to-month,Fiber optic,85.7,1435.03,0,Yes
C101877,2021-02-26,South,68.0,65,Two year,None,24.37,1524.23,0,No
C101878,2022-02-21,North,71.0,53,Month-to-month,Fiber optic,65.2,3413.34,3,Yes
C101879,2025-11-02,North,62.0,8,Two year,DSL,49.8,387.91,1,No
C101880,2024-03-12,South,56.0,28,Month-to-month,DSL,49.69,1295.74,0,Yes
C101881,2024-11-07,South,65.0,20,Two year,None,42.29,828.26,3,No
C101882,2025-06-05,West,58.0,13,Two year,DSL,51.24,665.9,3,No
C101883,2021-06-26,South,39.0,61,One year,DSL,51.49,2899.92,3,No
C101884,2022-10-19,North,57.0,45,Month-to-month,Fiber optic,59.94,2534.37,2,No
C101885,2025-06-05,West,36.0,13,One year,None,30.07,378.33,1,No
C101886,2022-08-20,West,56.0,47,Month-to-month,Fiber optic,53.52,2397.76,0,Yes
C101887,2024-01-12,South,41.0,30,Two year,Fiber optic,66.31,1931.62,1,No
C101888,2026-01-31,North,48.0,5,Month-to-month,None,50.0,241.73,0,Yes
C101889,2023-10-14,North,29.0,33,Month-to-month,Fiber optic,50.0,1622.01,2,Yes
C101890,2025-05-06,East,77.0,14,Month-to-month,Fiber optic,67.8,878.65,2,No
C101891,2025-01-06,West,64.0,18,One year,DSL,48.26,829.81,1,No
C101892,2021-03-28,South,24.0,64,Two year,Fiber optic,62.26,3940.03,0,No
C101893,2022-03-23,North,47.0,52,Month-to-month,Fiber optic,62.55,3086.79,1,No
C101894,2025-09-03,South,46.0,10,One year,DSL,46.1,442.7,1,No
C101895,2021-05-27,North,72.0,62,Two year,DSL,41.98,2399.03,0,No
C101896,2023-01-17,South,64.0,42,Month-to-month,DSL,47.66,1877.48,0,No
C101897,2021-04-27,South,72.0,63,Month-to-month,Fiber optic,59.15,3566.56,1,No
C101898,2022-01-22,East,46.0,54,One year,DSL,69.27,3560.72,1,No
C101899,2024-06-10,North,27.0,25,One year,DSL,41.98,1025.54,3,No
C101900,2023-04-17,South,62.0,39,Month-to-month,Fiber optic,71.84,2714.77,2,Yes
C101901,2023-04-17,North,31.0,39,Two year,Fiber optic,56.97,2200.55,3,No
C101902,2022-03-23,South,57.0,52,Month-to-month,Fiber optic,76.2,3916.36,0,Yes
C101903,2025-01-06,West,43.0,18,Two year,DSL,53.8,909.62,3,Yes
C101904,2024-07-10,East,39.0,24,Two year,Fiber optic,70.03,1548.63,2,No
C101905,2025-01-06,West,25.0,18,Two year,DSL,32.67,581.21,4,Yes
C101906,2024-09-08,North,67.0,22,Month-to-month,None,10.97,228.39,0,No
C101907,2025-07-05,West,60.0,12,Month-to-month,Fiber optic,85.23,969.34,0,Yes
C101908,2026-04-01,West,39.0,3,Month-to-month,DSL,35.84,100.28,0,Yes
C101909,2020-11-28,East,63.0,68,Month-to-month,Fiber optic,72.69,4821.52,2,Yes
C101910,2026-01-01,West,79.0,6,One year,Fiber optic,53.66,303.42,2,Yes
C101911,2021-03-28,North,62.0,64,Month-to-month,DSL,57.1,3413.72,2,No
C101912,2026-05-31,East,76.0,1,Month-to-month,Fiber optic,56.76,54.5,2,Yes
C101913,2021-11-23,West,47.0,56,Month-to-month,None,8.44,463.2,2,No
C101914,2024-07-10,North,41.0,24,Month-to-month,DSL,36.45,823.68,2,No
C101915,2023-05-17,South,70.0,38,Month-to-month,Fiber optic,58.35,2167.99,2,Yes
C101916,2024-10-08,South,59.0,21,One year,Fiber optic,69.86,1403.91,0,Yes
C101917,2023-07-16,North,55.0,36,One year,Fiber optic,65.83,2256.84,1,No
C101918,2023-10-14,North,57.0,33,Month-to-month,None,6.86,214.78,0,No
C101919,2023-04-17,South,79.0,39,Two year,DSL,44.66,1622.69,1,No
C101920,2024-02-11,North,60.0,29,Two year,Fiber optic,51.28,1407.72,1,No
C101921,2023-04-17,East,68.0,39,Month-to-month,DSL,52.72,2036.22,1,Yes
C101922,2021-07-26,North,20.0,60,One year,DSL,54.92,3058.52,1,No
C101923,2023-11-13,North,62.0,32,Month-to-month,DSL,44.71,1425.95,0,No
C101924,2024-04-11,East,37.0,27,Month-to-month,Fiber optic,68.26,1711.43,1,No
C101925,2025-09-03,South,25.0,10,Month-to-month,Fiber optic,86.03,816.39,3,Yes
C101926,2024-05-11,South,35.0,26,Month-to-month,Fiber optic,63.11,1589.18,1,Yes
C101927,2025-09-03,South,69.0,10,Two year,Fiber optic,53.67,529.74,3,Yes
C101928,2025-05-06,South,68.0,14,Two year,DSL,51.95,677.47,0,No
C101929,2020-10-29,South,36.0,69,Two year,Fiber optic,51.41,3303.55,1,No
C101930,2025-12-02,North,29.0,7,One year,Fiber optic,62.47,424.29,2,No
C101931,2023-08-15,North,43.0,35,One year,Fiber optic,57.81,1908.87,1,No
C101932,2021-06-26,South,38.0,61,Two year,Fiber optic,56.58,3353.22,2,No
C101933,2020-10-29,East,46.0,69,Month-to-month,None,17.0,1156.16,2,No
C101934,2025-08-04,West,,11,Month-to-month,DSL,55.8,568.47,1,Yes
C101935,2025-07-05,North,38.0,12,One year,Fiber optic,78.27,927.56,4,Yes
C101936,2024-04-11,North,28.0,27,Month-to-month,DSL,56.11,1398.33,1,Yes
C101937,2023-03-18,East,24.0,40,Month-to-month,Fiber optic,69.04,2739.25,1,No
C101938,2020-09-29,West,60.0,70,Month-to-month,None,16.91,1181.39,0,No
C101939,2025-04-06,North,30.0,15,One year,DSL,30.0,438.03,0,No
C101940,2025-07-05,North,31.0,12,Month-to-month,DSL,49.41,592.17,0,No
C101941,2024-12-07,South,67.0,19,Month-to-month,None,5.0,93.65,0,No
C101942,2021-04-27,East,23.0,63,Month-to-month,None,5.0,290.92,0,No
C101943,2026-04-01,East,58.0,3,Month-to-month,DSL,43.06,118.88,2,Yes
C101944,2024-03-12,North,18.0,28,Two year,Fiber optic,68.17,1759.24,3,No
C101945,2025-10-03,East,76.0,9,Month-to-month,Fiber optic,59.59,512.79,1,Yes
C101946,2025-07-05,South,62.0,12,One year,DSL,63.43,738.23,0,No
C101947,2020-12-28,North,68.0,67,One year,DSL,50.55,3246.36,3,No
C101948,2026-05-31,West,59.0,1,Month-to-month,DSL,42.01,40.92,2,No
C101949,2024-07-10,East,42.0,24,Two year,DSL,61.64,1414.22,0,No
C101950,2021-01-27,South,79.0,66,One year,Fiber optic,83.78,5105.95,1,No
C101951,2022-11-18,West,66.0,44,One year,Fiber optic,71.15,2936.79,1,No
C101952,2026-01-01,West,23.0,6,Month-to-month,DSL,35.7,214.07,3,Yes
C101953,2023-09-14,North,53.0,34,Month-to-month,Fiber optic,58.4,1881.69,3,Yes
C101954,2020-09-29,West,51.0,70,Two year,DSL,30.0,1986.56,0,No
C101955,2024-02-11,East,35.0,29,One year,DSL,44.49,1202.76,3,No
C101956,2023-04-17,South,46.0,39,Two year,DSL,32.4,1262.3,5,No
C101957,2023-04-17,South,78.0,39,Two year,DSL,41.05,1502.39,1,No
C101958,2022-07-21,North,23.0,48,Month-to-month,DSL,48.13,2244.97,1,No
C101959,2025-05-06,West,75.0,14,One year,DSL,30.0,387.81,1,No
C101960,2021-06-26,South,61.0,61,Month-to-month,Fiber optic,50.0,2822.22,1,Yes
C101961,2020-07-31,South,24.0,72,One year,DSL,38.92,2738.74,4,No
C101962,2025-08-04,North,36.0,11,Month-to-month,DSL,44.37,473.82,1,No
C101963,2021-08-25,West,70.0,59,Month-to-month,Fiber optic,59.07,3395.96,3,No
C101964,2021-08-25,South,61.0,59,One year,DSL,41.75,2311.71,0,No
C101965,2022-01-22,East,22.0,54,One year,None,11.53,621.87,2,No
C101966,2024-04-11,South,27.0,27,One year,Fiber optic,50.0,1302.3,2,No
C101967,2023-09-14,East,75.0,34,Month-to-month,DSL,38.58,1308.52,1,Yes
C101968,2021-06-26,East,27.0,61,Month-to-month,None,17.44,992.7,3,Yes
C101969,2025-07-05,South,56.0,12,Two year,None,16.28,186.06,2,No
C101970,2021-07-26,South,79.0,60,Month-to-month,Fiber optic,66.34,3768.86,3,No
C101971,2020-12-28,East,28.0,67,Month-to-month,DSL,50.03,3286.33,2,Yes
C101972,2022-05-22,North,20.0,50,One year,None,28.18,1380.55,2,No
C101973,2024-06-10,North,68.0,25,Month-to-month,DSL,37.4,896.59,0,No
C101974,2023-02-16,North,76.0,41,One year,Fiber optic,50.0,1888.65,2,No
C101975,2026-03-02,South,49.0,4,Month-to-month,Fiber optic,80.26,,0,No
C101976,2020-11-28,North,32.0,68,Two year,DSL,49.63,3118.42,1,No
C101977,2024-06-10,South,21.0,25,Two year,Fiber optic,53.54,1322.12,1,No
C101978,2026-01-31,East,74.0,5,Two year,Fiber optic,68.33,322.24,0,No
C101979,2021-09-24,East,67.0,58,One year,Fiber optic,77.82,4195.06,0,No
C101980,2022-07-21,West,73.0,48,Month-to-month,DSL,65.75,2992.94,3,Yes
C101981,2022-10-19,West,66.0,45,One year,DSL,48.01,2000.97,4,Yes
C101982,2026-03-02,South,44.0,4,Two year,None,32.72,130.66,3,No
C101983,2021-12-23,West,47.0,55,One year,DSL,30.48,1584.53,2,No
C101984,2022-09-19,West,41.0,46,One year,None,19.57,895.4,0,No
C101985,2021-09-24,North,63.0,58,One year,None,15.98,903.32,1,No
C101986,2021-07-26,North,24.0,60,One year,Fiber optic,69.11,4002.67,3,No
C101987,2025-03-07,West,20.0,16,One year,DSL,64.33,986.09,1,No
C101988,2025-03-07,West,77.0,16,Month-to-month,Fiber optic,68.0,1060.79,0,Yes
C101989,2020-12-28,West,37.0,67,Month-to-month,None,8.75,571.54,1,No
C101990,2023-04-17,South,20.0,39,One year,Fiber optic,50.0,1795.64,1,No
C101991,2023-11-13,West,59.0,32,Month-to-month,DSL,64.75,2056.71,1,Yes
C101992,2024-10-08,West,42.0,21,Two year,None,26.17,521.78,3,No
C101993,2022-08-20,East,32.0,47,One year,Fiber optic,70.38,3136.72,0,No
C101994,2021-12-23,East,44.0,55,Month-to-month,None,15.88,831.94,0,No
C101995,2026-05-31,South,45.0,1,Two year,Fiber optic,68.21,66.49,1,Yes
C101996,2023-03-18,East,55.0,40,One year,Fiber optic,53.16,2020.25,2,No
C101997,2020-07-31,West,75.0,72,One year,DSL,49.65,3395.73,1,No
C101998,2024-10-08,West,72.0,21,Month-to-month,Fiber optic,50.9,988.82,0,Yes
C101999,2024-10-08,East,69.0,21,Two year,DSL,40.69,814.61,1,No
C102000,2021-03-28,North,48.0,64,Month-to-month,None,12.29,733.04,2,No
C102001,2026-01-31,East,52.0,5,One year,Fiber optic,50.0,247.11,0,No
C102002,2024-02-11,South,26.0,29,Month-to-month,DSL,40.84,1121.31,1,No
C102003,2023-10-14,North,53.0,33,One year,None,9.21,302.98,1,No
C102004,2021-09-24,North,59.0,58,One year,DSL,42.48,2401.66,0,No
C102005,2025-09-03,North,72.0,10,One year,Fiber optic,65.02,637.52,1,No
C102006,2023-11-13,South,20.0,32,Month-to-month,None,41.22,1313.53,1,Yes
C102007,2025-08-04,South,71.0,11,Two year,Fiber optic,68.66,709.28,2,No
C102008,2021-10-24,South,50.0,57,One year,DSL,49.01,2696.87,2,No
C102009,2022-09-19,East,23.0,46,Month-to-month,DSL,50.95,2163.84,1,Yes
C102010,2023-07-16,East,,36,Two year,DSL,55.46,1852.93,2,No
C102011,2024-02-11,South,46.0,29,One year,Fiber optic,70.45,1939.52,1,Yes
C102012,2025-07-05,South,43.0,12,Two year,Fiber optic,68.38,799.72,0,No
C102013,2020-12-28,West,29.0,67,Two year,DSL,53.53,3538.22,1,No
C102014,2022-08-20,South,22.0,47,Two year,Fiber optic,50.0,2210.2,2,No
C102015,2024-08-09,North,23.0,23,One year,DSL,70.07,1579.26,2,No
C102016,2024-01-12,West,34.0,30,One year,DSL,64.08,1803.1,1,No
C102017,2022-02-21,North,36.0,53,Month-to-month,DSL,47.61,2322.69,1,No
C102018,2022-03-23,West,46.0,52,Month-to-month,Fiber optic,50.0,2403.32,3,Yes
C102019,2023-09-14,South,55.0,34,One year,Fiber optic,79.52,2614.04,0,No
C102020,2024-09-08,West,79.0,22,Month-to-month,None,11.67,246.41,1,No
C102021,2022-07-21,North,67.0,48,Two year,Fiber optic,71.41,3227.62,4,No
C102022,2022-07-21,North,48.0,48,Month-to-month,Fiber optic,50.0,2209.26,1,Yes
C102023,2022-11-18,South,74.0,44,Month-to-month,Fiber optic,91.72,3896.21,1,Yes
C102024,2026-01-01,South,52.0,6,Month-to-month,Fiber optic,50.0,295.62,2,Yes
C102025,2023-08-15,East,44.0,35,Month-to-month,None,20.83,674.72,0,Yes
C102026,2022-10-19,East,31.0,45,Month-to-month,Fiber optic,50.0,2202.57,0,No
C102027,2020-10-29,West,44.0,69,Month-to-month,Fiber optic,64.51,4321.05,3,Yes
C102028,2023-05-17,East,20.0,38,Two year,DSL,39.9,1453.05,0,No
C102029,2024-06-10,North,27.0,25,Month-to-month,Fiber optic,78.65,1816.55,2,No
C102030,2023-02-16,North,76.0,41,Month-to-month,Fiber optic,59.9,2440.88,3,No
C102031,2025-06-05,South,30.0,13,Month-to-month,None,33.66,419.29,3,Yes
C102032,2025-12-02,West,53.0,7,Month-to-month,DSL,32.71,217.97,2,Yes
C102033,2022-06-21,West,24.0,49,Month-to-month,Fiber optic,61.62,2985.92,2,Yes
C102034,2020-07-31,East,55.0,72,One year,Fiber optic,61.86,4398.9,0,No
C102035,2021-06-26,South,78.0,61,One year,Fiber optic,70.95,4233.52,3,No
C102036,2022-12-18,South,46.0,43,Month-to-month,Fiber optic,69.42,2944.31,2,No
C102037,2026-04-01,East,25.0,3,One year,DSL,53.67,149.73,0,No
C102038,2020-07-31,West,19.0,72,Month-to-month,DSL,48.2,3404.02,1,No
C102039,2023-10-14,East,64.0,33,Month-to-month,DSL,52.94,1653.1,2,Yes
C102040,2024-10-08,North,24.0,21,Two year,None,9.23,191.78,2,No
C102041,2021-02-26,West,37.0,65,Month-to-month,Fiber optic,69.67,4300.39,4,Yes
C102042,2022-01-22,West,70.0,54,Two year,None,39.3,1961.64,1,No
C102043,2022-01-22,North,51.0,54,Month-to-month,DSL,30.0,1544.1,1,Yes
C102044,2024-11-07,South,72.0,20,Month-to-month,Fiber optic,70.87,1389.82,3,No
C102045,2020-07-31,West,72.0,72,Month-to-month,None,28.12,1943.81,0,No
C102046,2023-10-14,West,59.0,33,Month-to-month,Fiber optic,82.53,2671.99,1,No
C102047,2023-04-17,West,76.0,39,Two year,DSL,53.71,1933.03,2,No
C102048,2021-12-23,West,20.0,55,Month-to-month,DSL,46.2,2373.73,2,No
C102049,2022-07-21,North,32.0,48,Two year,Fiber optic,70.16,3250.11,1,No
C102050,2025-06-05,North,35.0,13,Two year,None,11.18,138.19,1,No
C102051,2024-09-08,South,74.0,22,One year,Fiber optic,60.34,1293.52,1,No
C102052,2024-04-11,East,56.0,27,Month-to-month,None,5.0,134.6,1,No
C102053,2020-10-29,South,33.0,69,Month-to-month,Fiber optic,82.84,5560.42,1,No
C102054,2022-03-23,South,30.0,52,Month-to-month,Fiber optic,70.4,3490.17,1,No
C102055,2024-04-11,South,,27,One year,Fiber optic,54.01,1404.88,1,No
C102056,2022-02-21,East,71.0,53,Month-to-month,None,23.26,1224.18,2,No
C102057,2022-01-22,West,18.0,54,Two year,Fiber optic,78.91,4149.66,2,No
C102058,2024-02-11,West,40.0,29,One year,None,31.91,910.82,1,No
C102059,2024-01-12,North,51.0,30,Month-to-month,Fiber optic,53.87,1525.79,1,No
C102060,2021-02-26,North,32.0,65,One year,DSL,30.0,1910.11,3,No
C102061,2023-02-16,South,63.0,41,Month-to-month,Fiber optic,69.74,2662.49,1,No
C102062,2025-08-04,East,64.0,11,Two year,Fiber optic,54.36,585.99,1,Yes
C102063,2022-03-23,North,70.0,52,Month-to-month,None,27.47,1414.91,0,No
C102064,2022-12-18,East,66.0,43,Two year,Fiber optic,76.4,3258.98,0,No
C102065,2023-06-16,East,70.0,37,Two year,DSL,58.36,2006.71,1,No
C102066,2022-02-21,East,40.0,53,Two year,DSL,65.94,3447.26,2,No
C102067,2021-01-27,West,36.0,66,Month-to-month,DSL,59.84,3668.22,0,No
C102068,2024-07-10,East,37.0,24,Two year,DSL,65.99,1517.67,0,No
C102069,2023-12-13,East,70.0,31,Month-to-month,None,36.55,1104.27,0,No
C102070,2025-05-06,South,58.0,14,One year,DSL,62.59,840.11,2,No
C102071,2022-08-20,East,38.0,47,Month-to-month,DSL,44.51,1981.5,0,No
C102072,2024-02-11,South,62.0,29,Month-to-month,DSL,30.0,847.99,1,No
C102073,2024-06-10,North,32.0,25,Month-to-month,DSL,74.79,1819.02,2,Yes
C102074,2022-04-22,North,34.0,51,Month-to-month,Fiber optic,65.76,3241.85,3,Yes
C102075,2024-01-12,East,18.0,30,Month-to-month,DSL,59.74,1724.59,3,No
C102076,2023-09-14,East,77.0,34,Two year,Fiber optic,58.4,1938.86,2,No
C102077,2023-11-13,South,32.0,32,Month-to-month,DSL,56.57,1723.79,1,No
C102078,2024-12-07,East,64.0,19,One year,None,5.0,87.92,0,No
C102079,2025-09-03,South,25.0,10,Month-to-month,None,15.07,145.12,1,No
C102080,2021-07-26,South,20.0,60,One year,DSL,43.82,2571.03,1,No
C102081,2025-12-02,East,59.0,7,One year,DSL,50.55,334.01,2,No
C102082,2024-07-10,South,24.0,24,Month-to-month,DSL,57.86,1293.19,1,Yes
C102083,2022-06-21,West,26.0,49,One year,Fiber optic,51.87,2523.7,2,No
C102084,2025-09-03,East,38.0,10,Two year,DSL,52.92,523.43,1,No
C102085,2022-07-21,East,54.0,48,Two year,Fiber optic,79.72,3709.75,0,No
C102086,2022-02-21,East,19.0,53,Month-to-month,Fiber optic,93.15,4852.67,1,Yes
C102087,2022-07-21,East,25.0,48,Month-to-month,None,28.48,1363.63,0,No
C102088,2024-09-08,West,38.0,22,One year,None,14.49,307.8,3,No
C102089,2026-05-01,South,61.0,2,Month-to-month,DSL,30.0,56.37,1,Yes
C102090,2021-03-28,West,24.0,64,Two year,Fiber optic,86.95,5404.0,1,No
C102091,2024-07-10,North,35.0,24,Month-to-month,DSL,53.85,1283.57,4,No
C102092,2021-09-24,East,29.0,58,Two year,Fiber optic,64.74,3661.84,2,No
C102093,2025-04-06,East,37.0,15,Month-to-month,DSL,30.0,414.94,0,No
C102094,2025-07-05,North,33.0,12,Month-to-month,None,8.83,105.26,2,Yes
C102095,2021-10-24,East,57.0,57,Two year,Fiber optic,72.58,4055.54,2,No
C102096,2020-11-28,North,22.0,68,Two year,Fiber optic,69.25,4483.66,2,No
C102097,2021-05-27,East,76.0,62,Two year,Fiber optic,50.0,3096.9,1,No
C102098,2021-12-23,East,33.0,55,Two year,Fiber optic,72.59,3903.56,2,No
C102099,2025-01-06,East,79.0,18,Month-to-month,Fiber optic,50.0,887.43,1,No
C102100,2021-01-27,East,63.0,66,Month-to-month,Fiber optic,81.25,5338.12,2,No
C102101,2022-06-21,South,40.0,49,Month-to-month,Fiber optic,67.5,3053.37,2,No
C102102,2025-06-05,East,36.0,13,Month-to-month,Fiber optic,59.44,758.78,0,Yes
C102103,2025-09-03,North,76.0,10,Month-to-month,Fiber optic,76.88,,0,Yes
C102104,2021-04-27,West,79.0,63,Two year,DSL,49.24,3069.63,1,No
C102105,2024-11-07,North,55.0,20,Month-to-month,Fiber optic,80.9,1602.32,0,No
C102106,2021-11-23,North,20.0,56,Month-to-month,None,20.97,1158.22,1,No
C102107,2025-09-03,East,74.0,10,Month-to-month,Fiber optic,66.67,654.92,1,No
C102108,2024-10-08,North,47.0,21,Month-to-month,Fiber optic,61.58,1271.9,1,Yes
C102109,2024-10-08,West,19.0,21,Month-to-month,Fiber optic,68.16,1350.81,1,Yes
C102110,2024-10-08,North,67.0,21,One year,DSL,65.38,1307.79,2,No
C102111,2022-06-21,East,20.0,49,Month-to-month,Fiber optic,58.97,2684.96,2,Yes
C102112,2021-01-27,West,41.0,66,One year,DSL,52.78,3436.27,1,Yes
C102113,2021-01-27,East,22.0,66,Two year,Fiber optic,54.43,3490.65,3,No
C102114,2022-01-22,East,45.0,54,One year,None,5.0,261.63,1,No
C102115,2025-04-06,East,67.0,15,One year,Fiber optic,67.49,951.29,1,Yes
C102116,2020-09-29,East,26.0,70,Month-to-month,Fiber optic,69.44,,0,No
C102117,2023-03-18,North,26.0,40,Month-to-month,None,18.68,714.6,2,Yes
C102118,2023-03-18,South,77.0,40,Month-to-month,Fiber optic,50.0,1999.24,3,Yes
C102119,2022-04-22,North,28.0,51,Two year,Fiber optic,68.65,3462.8,0,No
C102120,2021-11-23,North,24.0,56,One year,DSL,48.2,2596.84,0,No
C102121,2020-10-29,North,54.0,69,Month-to-month,Fiber optic,54.33,3691.33,1,No
C102122,2023-01-17,East,35.0,42,Month-to-month,Fiber optic,50.0,1959.64,4,No
C102123,2022-11-18,West,77.0,44,Two year,Fiber optic,61.97,2530.66,1,No
C102124,2022-01-22,East,28.0,54,One year,Fiber optic,72.84,3817.14,1,No
C102125,2024-12-07,North,53.0,19,One year,None,25.0,464.62,3,No
C102126,2024-08-09,East,75.0,23,Two year,DSL,34.43,731.9,1,No
C102127,2022-09-19,East,63.0,46,One year,DSL,46.64,2008.3,1,No
C102128,2026-01-31,West,19.0,5,One year,Fiber optic,75.65,364.25,4,Yes
C102129,2024-07-10,South,29.0,24,Month-to-month,DSL,30.93,686.66,1,Yes
C102130,2022-03-23,South,25.0,52,Month-to-month,DSL,45.76,2269.88,1,Yes
C102131,2020-08-30,East,74.0,71,Two year,Fiber optic,81.08,5518.16,0,No
C102132,2023-05-17,East,30.0,38,One year,None,5.0,188.81,0,No
C102133,2024-02-11,North,21.0,29,Month-to-month,DSL,58.87,1613.77,1,Yes
C102134,2023-11-13,East,41.0,32,One year,DSL,64.43,1924.64,2,No
C102135,2022-05-22,West,35.0,50,Month-to-month,Fiber optic,62.33,2869.05,3,No
C102136,2023-03-18,North,28.0,40,Two year,Fiber optic,60.88,2264.08,0,No
C102137,2026-05-01,South,46.0,2,Month-to-month,DSL,57.4,112.51,0,No
C102138,2023-04-17,East,73.0,39,Two year,DSL,42.77,,2,Yes
C102139,2024-02-11,West,32.0,29,Month-to-month,Fiber optic,50.0,1357.05,0,No
C102140,2022-04-22,West,78.0,51,Month-to-month,Fiber optic,63.81,3236.87,3,Yes
C102141,2021-03-28,East,59.0,64,Month-to-month,DSL,50.64,3185.87,2,No
C102142,2020-09-29,East,41.0,70,Two year,Fiber optic,73.88,4805.19,0,No
C102143,2022-11-18,South,60.0,44,Month-to-month,Fiber optic,54.43,2254.86,0,No
C102144,2024-04-11,South,39.0,27,Month-to-month,DSL,41.76,1113.94,3,Yes
C102145,2023-11-13,East,31.0,32,One year,Fiber optic,76.72,2394.63,1,No
C102146,2025-06-05,East,32.0,13,Month-to-month,Fiber optic,64.28,832.0,2,No
C102147,2020-11-28,East,18.0,68,Month-to-month,Fiber optic,50.0,3148.74,1,No
C102148,2021-05-27,West,58.0,62,Month-to-month,None,34.85,2121.88,0,No
C102149,2021-05-27,North,22.0,62,Two year,Fiber optic,62.43,3584.67,1,No
C102150,2024-07-10,West,30.0,24,Month-to-month,DSL,58.09,1320.18,0,Yes
C102151,2024-07-10,East,18.0,24,Month-to-month,None,5.0,117.61,2,No
C102152,2021-05-27,East,22.0,62,Month-to-month,DSL,43.55,2637.68,1,No
C102153,2023-03-18,East,74.0,40,Month-to-month,DSL,51.12,1881.56,1,No
C102154,2022-04-22,East,19.0,51,Month-to-month,DSL,43.95,2098.35,0,No
C102155,2023-07-16,East,56.0,36,Month-to-month,Fiber optic,50.8,1796.4,1,No
C102156,2023-11-13,South,38.0,32,Month-to-month,DSL,30.0,892.89,3,No
C102157,2022-09-19,East,26.0,46,Month-to-month,None,38.28,1665.99,1,No
C102158,2021-08-25,South,36.0,59,Two year,DSL,47.98,2646.0,3,No
C102159,2024-06-10,East,23.0,25,Month-to-month,Fiber optic,79.0,1834.61,0,No
C102160,2021-08-25,East,37.0,59,Month-to-month,Fiber optic,76.14,4433.55,2,Yes
C102161,2025-01-06,South,68.0,18,Two year,None,27.16,452.17,2,No
C102162,2024-01-12,West,56.0,30,Two year,Fiber optic,61.14,1766.12,1,Yes
C102163,2021-01-27,South,68.0,66,One year,None,25.88,1666.08,2,No
C102164,2020-10-29,East,61.0,69,Month-to-month,Fiber optic,82.19,5243.55,3,No
C102165,2020-12-28,South,75.0,67,Month-to-month,DSL,46.0,2991.62,0,Yes
C102166,2024-08-09,North,24.0,23,Month-to-month,DSL,67.82,1476.76,1,Yes
C102167,2021-06-26,East,27.0,61,Month-to-month,DSL,30.0,1805.63,2,No
C102168,2020-11-28,West,43.0,68,Month-to-month,Fiber optic,50.0,3344.96,3,Yes
C102169,2020-08-30,South,50.0,71,One year,None,31.86,2224.76,3,No
C102170,2026-05-01,North,66.0,2,Month-to-month,Fiber optic,55.18,105.05,0,Yes
C102171,2022-01-22,North,25.0,54,One year,Fiber optic,89.52,4765.45,1,No
C102172,2020-07-31,South,24.0,72,Month-to-month,DSL,61.05,4265.48,1,No
C102173,2021-11-23,West,67.0,56,Month-to-month,Fiber optic,84.05,4472.85,0,Yes
C102174,2025-02-05,East,52.0,17,One year,DSL,55.61,875.84,2,No
C102175,2021-12-23,North,43.0,55,Two year,Fiber optic,53.94,2745.22,3,No
C102176,2025-11-02,West,31.0,8,Month-to-month,Fiber optic,50.0,376.04,1,No
C102177,2023-08-15,North,61.0,35,One year,None,37.94,1253.49,2,No
C102178,2022-09-19,East,67.0,46,Month-to-month,Fiber optic,50.0,2286.67,3,Yes
C102179,2023-10-14,West,19.0,33,Month-to-month,DSL,64.02,2112.65,1,Yes
C102180,2022-04-22,West,21.0,51,One year,DSL,53.04,2519.73,1,Yes
C102181,2025-01-06,East,66.0,18,Month-to-month,None,19.08,341.87,2,No
C102182,2022-11-18,South,72.0,44,Month-to-month,DSL,50.3,2161.24,1,Yes
C102183,2022-08-20,West,,47,Month-to-month,DSL,50.58,2281.9,2,Yes
C102184,2022-09-19,South,61.0,46,Month-to-month,Fiber optic,62.57,2867.79,3,No
C102185,2024-10-08,South,70.0,21,Month-to-month,Fiber optic,82.11,1684.82,3,Yes
C102186,2024-09-08,East,25.0,22,Month-to-month,None,36.7,,2,No
C102187,2024-12-07,East,29.0,19,Two year,None,21.87,389.25,0,No
C102188,2023-09-14,North,,34,One year,DSL,37.8,1207.52,1,No
C102189,2022-12-18,West,66.0,43,Month-to-month,DSL,60.67,2590.34,3,Yes
C102190,2024-04-11,West,65.0,27,Month-to-month,DSL,30.0,759.13,0,No
C102191,2024-01-12,South,26.0,30,One year,Fiber optic,70.33,1946.56,2,No
C102192,2024-10-08,North,28.0,21,Month-to-month,None,28.87,570.68,1,Yes
C102193,2025-03-07,North,59.0,16,Month-to-month,DSL,35.06,537.65,0,Yes
C102194,2022-07-21,South,73.0,48,One year,DSL,56.69,2586.58,2,Yes
C102195,2021-08-25,North,66.0,59,Month-to-month,Fiber optic,64.68,,2,No
C102196,2024-10-08,West,28.0,21,Month-to-month,Fiber optic,58.45,1170.36,1,No
C102197,2021-05-27,West,41.0,62,Month-to-month,Fiber optic,76.56,4704.59,1,No
C102198,2023-01-17,West,22.0,42,Month-to-month,DSL,31.97,1299.2,1,No
C102199,2025-06-05,South,33.0,13,Month-to-month,DSL,55.43,693.16,3,Yes
C102200,2024-04-11,East,52.0,27,Two year,Fiber optic,50.0,1259.3,2,No
C102201,2026-05-31,South,39.0,1,Month-to-month,DSL,48.43,45.61,3,No
C102202,2026-04-01,South,55.0,3,One year,None,20.53,60.94,2,No
C102203,2024-06-10,East,36.0,25,One year,Fiber optic,58.52,1437.25,2,No
C102204,2023-10-14,North,52.0,33,Month-to-month,DSL,49.68,1566.97,2,Yes
C102205,2021-09-24,West,57.0,58,Month-to-month,DSL,44.05,,1,No
C102206,2025-09-03,North,30.0,10,Month-to-month,Fiber optic,77.66,765.37,2,Yes
C102207,2021-06-26,South,20.0,61,One year,DSL,51.72,2930.82,0,No
C102208,2025-02-05,North,38.0,17,Month-to-month,DSL,50.43,830.28,3,Yes
C102209,2025-09-03,East,20.0,10,One year,Fiber optic,68.5,673.98,0,No
C102210,2022-04-22,East,27.0,51,Two year,Fiber optic,59.33,2979.44,0,No
C102211,2021-11-23,West,35.0,56,One year,None,16.38,850.6,1,No
C102212,2022-11-18,South,,44,Two year,Fiber optic,67.98,2805.58,1,No
C102213,2025-10-03,North,35.0,9,One year,DSL,42.92,368.14,0,No
C102214,2025-10-03,North,21.0,9,Two year,DSL,58.34,493.62,1,No
C102215,2024-02-11,East,28.0,29,Two year,None,21.12,568.82,0,No
C102216,2023-10-14,West,72.0,33,One year,DSL,49.51,1585.31,0,No
C102217,2020-07-31,North,62.0,72,Two year,None,5.0,345.82,3,No
C102218,2024-10-08,West,45.0,21,Two year,DSL,56.32,1102.77,3,No
C102219,2025-05-06,South,19.0,14,Month-to-month,Fiber optic,58.03,785.54,4,Yes
C102220,2020-10-29,West,40.0,69,One year,Fiber optic,52.49,3350.03,1,No
C102221,2025-07-05,North,75.0,12,Month-to-month,Fiber optic,84.75,966.8,0,No
C102222,2026-05-01,West,68.0,2,Two year,Fiber optic,73.37,144.3,1,No
C102223,2023-12-13,South,64.0,31,Month-to-month,Fiber optic,76.73,2357.71,1,Yes
C102224,2024-02-11,South,33.0,29,Two year,Fiber optic,70.45,1919.69,1,No
C102225,2022-10-19,North,42.0,45,One year,Fiber optic,63.88,2842.29,2,No
C102226,2021-03-28,North,19.0,64,Two year,Fiber optic,61.64,3910.8,2,No
C102227,2020-11-28,West,71.0,68,Month-to-month,Fiber optic,74.35,4896.8,2,No
C102228,2024-10-08,North,25.0,21,One year,DSL,58.59,1228.64,2,Yes
C102229,2020-08-30,South,56.0,71,One year,DSL,44.18,2947.61,2,No
C102230,2022-09-19,West,35.0,46,Two year,DSL,69.87,2974.63,1,No
C102231,2026-01-01,South,53.0,6,Two year,DSL,42.63,252.58,0,No
C102232,2020-11-28,West,69.0,68,One year,None,5.0,326.15,5,No
C102233,2025-09-03,East,37.0,10,One year,DSL,30.0,284.31,1,Yes
C102234,2022-12-18,West,19.0,43,Month-to-month,Fiber optic,50.0,1987.5,2,No
C102235,2021-10-24,West,59.0,57,Two year,None,15.03,792.6,1,No
C102236,2025-01-06,North,50.0,18,Month-to-month,Fiber optic,62.22,1038.49,3,Yes
C102237,2024-11-07,South,26.0,20,One year,DSL,53.19,994.32,2,No
C102238,2023-08-15,South,21.0,35,One year,DSL,44.66,1559.4,1,No
C102239,2021-03-28,North,50.0,64,Month-to-month,Fiber optic,75.12,4531.3,0,No
C102240,2025-02-05,North,56.0,17,Month-to-month,DSL,45.54,762.85,2,No
C102241,2022-07-21,North,25.0,48,Month-to-month,Fiber optic,65.16,2882.32,0,No
C102242,2023-10-14,West,55.0,33,Two year,Fiber optic,58.07,1812.34,2,No
C102243,2025-10-03,West,45.0,9,Month-to-month,Fiber optic,82.07,733.09,2,Yes
C102244,2022-03-23,East,26.0,52,Month-to-month,Fiber optic,50.0,2430.49,1,No
C102245,2021-07-26,West,56.0,60,One year,Fiber optic,68.62,3881.37,1,No
C102246,2023-01-17,South,58.0,42,Month-to-month,DSL,42.82,1773.48,0,No
C102247,2025-06-05,South,27.0,13,Two year,DSL,54.38,657.25,0,No
C102248,2025-07-05,West,59.0,12,Month-to-month,DSL,44.75,496.32,0,No
C102249,2023-12-13,North,31.0,31,Month-to-month,DSL,45.1,1394.29,4,Yes
C102250,2023-06-16,North,55.0,37,Month-to-month,Fiber optic,61.8,2177.72,0,Yes
C102251,2023-03-18,East,68.0,40,Month-to-month,Fiber optic,81.72,3179.33,1,No
C102252,2025-01-06,South,76.0,18,Month-to-month,DSL,45.03,753.94,2,Yes
C102253,2023-06-16,East,33.0,37,One year,None,43.64,1513.95,2,No
C102254,2024-09-08,East,39.0,22,Month-to-month,Fiber optic,68.27,1437.05,0,No
C102255,2022-05-22,South,23.0,50,Month-to-month,Fiber optic,65.26,3178.2,2,No
C102256,2021-09-24,North,78.0,58,Month-to-month,DSL,43.26,2367.22,1,No
C102257,2022-08-20,North,38.0,47,Month-to-month,None,26.77,1246.58,1,No
C102258,2026-05-31,South,67.0,1,Two year,Fiber optic,57.94,56.93,0,No
C102259,2020-07-31,South,75.0,72,Month-to-month,Fiber optic,66.75,4633.58,2,No
C102260,2026-05-01,North,47.0,2,Two year,Fiber optic,65.1,124.57,0,No
C102261,2020-07-31,East,61.0,72,Month-to-month,DSL,48.9,3413.64,0,No
C102262,2026-04-01,West,47.0,3,Month-to-month,None,24.2,71.04,2,Yes
C102263,2023-05-17,West,53.0,38,Month-to-month,DSL,49.82,1762.15,1,No
C102264,2025-11-02,North,33.0,8,Month-to-month,Fiber optic,66.14,522.88,1,No
C102265,2025-12-02,North,70.0,7,One year,DSL,63.83,428.56,3,No
C102266,2022-05-22,South,25.0,50,Month-to-month,None,25.07,1247.02,3,No
C102267,2022-02-21,West,58.0,53,Month-to-month,DSL,75.0,3960.86,1,No
C102268,2025-10-03,East,75.0,9,One year,DSL,45.6,378.58,0,No
C102269,2020-08-30,South,68.0,71,One year,Fiber optic,76.51,5164.72,0,No
C102270,2024-07-10,West,65.0,24,Two year,Fiber optic,56.29,1299.76,1,No
C102271,2024-08-09,East,58.0,23,Two year,DSL,61.81,1369.27,1,No
C102272,2024-09-08,West,76.0,22,One year,DSL,36.55,792.67,0,No
C102273,2023-09-14,West,71.0,34,Two year,None,25.47,806.48,1,No
C102274,2025-06-05,West,35.0,13,One year,DSL,41.83,527.37,2,No
C102275,2023-12-13,East,56.0,31,Month-to-month,Fiber optic,70.42,2173.0,2,No
C102276,2025-03-07,South,44.0,16,One year,Fiber optic,62.18,994.62,0,No
C102277,2026-03-02,North,34.0,4,Month-to-month,DSL,35.53,130.87,1,No
C102278,2024-04-11,East,68.0,27,One year,Fiber optic,61.74,1663.32,2,No
C102279,2022-06-21,South,20.0,49,Two year,DSL,63.5,2893.0,1,No
C102280,2021-12-23,North,25.0,55,Month-to-month,Fiber optic,70.61,3739.69,0,No
C102281,2024-05-11,West,24.0,26,Two year,Fiber optic,50.0,1221.62,1,No
C102282,2024-07-10,South,30.0,24,Two year,DSL,58.14,1351.42,0,No
C102283,2021-10-24,East,49.0,57,Month-to-month,Fiber optic,54.3,2856.66,0,No
C102284,2022-05-22,West,76.0,50,Month-to-month,DSL,53.92,2531.72,0,No
C102285,2021-07-26,South,78.0,60,Two year,DSL,51.64,2925.03,1,No
C102286,2021-01-27,West,73.0,66,Two year,DSL,52.4,3435.05,1,No
C102287,2021-07-26,East,65.0,60,Month-to-month,DSL,67.24,3900.02,1,No
C102288,2020-11-28,East,46.0,68,Month-to-month,DSL,35.06,2328.43,3,No
C102289,2024-01-12,South,66.0,30,One year,None,27.33,798.65,2,No
C102290,2024-02-11,West,34.0,29,Month-to-month,Fiber optic,80.12,2210.52,1,No
C102291,2024-07-10,North,59.0,24,Month-to-month,Fiber optic,57.28,1266.28,1,Yes
C102292,2025-02-05,East,18.0,17,Month-to-month,DSL,36.05,569.07,2,Yes
C102293,2022-01-22,West,74.0,54,Month-to-month,DSL,41.55,2146.56,3,No
C102294,2022-03-23,North,78.0,52,One year,DSL,48.9,2530.86,2,No
C102295,2021-09-24,South,63.0,58,One year,DSL,30.0,1635.43,3,No
C102296,2025-06-05,East,28.0,13,One year,DSL,51.62,654.86,3,No
C102297,2023-07-16,South,34.0,36,One year,Fiber optic,50.0,1775.03,1,No
C102298,2025-03-07,North,63.0,16,Month-to-month,DSL,60.52,961.1,2,Yes
C102299,2021-02-26,South,48.0,65,Month-to-month,Fiber optic,71.17,4364.58,2,No
C102300,2024-11-07,South,51.0,20,Month-to-month,Fiber optic,87.96,1749.53,3,Yes
C102301,2025-08-04,West,43.0,11,Month-to-month,DSL,53.03,565.04,0,Yes
C102302,2023-01-17,West,69.0,42,Month-to-month,DSL,41.34,1668.0,1,No
C102303,2021-03-28,North,28.0,64,Month-to-month,Fiber optic,55.42,3484.0,0,No
C102304,2021-01-27,South,45.0,66,Month-to-month,None,22.87,1417.49,0,No
C102305,2025-12-02,North,31.0,7,Month-to-month,DSL,44.64,307.79,2,Yes
C102306,2024-07-10,West,60.0,24,One year,DSL,59.23,1381.71,3,No
C102307,2025-07-05,South,35.0,12,One year,None,8.86,104.61,1,No
C102308,2024-08-09,West,36.0,23,Two year,Fiber optic,89.25,2029.06,1,No
C102309,2023-04-17,North,28.0,39,One year,DSL,60.3,2279.71,1,No
C102310,2024-10-08,East,71.0,21,One year,Fiber optic,62.56,1212.52,1,No
C102311,2026-01-31,North,31.0,5,Month-to-month,Fiber optic,86.57,408.53,2,Yes
C102312,2023-06-16,East,71.0,37,One year,Fiber optic,55.6,2037.12,2,No
C102313,2026-03-02,North,74.0,4,Month-to-month,Fiber optic,67.47,261.83,1,Yes
C102314,2025-02-05,North,77.0,17,Month-to-month,DSL,30.0,505.51,0,No
C102315,2026-05-31,North,39.0,1,Month-to-month,Fiber optic,87.16,82.87,2,No
C102316,2025-12-02,East,58.0,7,Month-to-month,DSL,30.0,201.68,2,Yes
C102317,2023-11-13,East,69.0,32,Month-to-month,Fiber optic,50.0,1582.41,2,Yes
C102318,2021-05-27,East,22.0,62,One year,Fiber optic,57.38,3489.83,4,No
C102319,2021-11-23,North,21.0,56,Two year,None,35.87,1908.69,1,No
C102320,2025-11-02,South,30.0,8,One year,DSL,56.46,416.36,0,Yes
C102321,2026-04-01,South,78.0,3,One year,None,21.46,63.76,3,Yes
C102322,2024-06-10,West,23.0,25,Month-to-month,DSL,57.23,1406.3,5,Yes
C102323,2022-08-20,East,65.0,47,Month-to-month,Fiber optic,63.62,2858.37,1,No
C102324,2022-01-22,North,70.0,54,One year,DSL,50.07,2605.63,0,No
C102325,2021-07-26,North,74.0,60,Month-to-month,DSL,64.82,3641.63,1,No
C102326,2024-06-10,South,50.0,25,Month-to-month,Fiber optic,62.04,1478.05,1,Yes
C102327,2025-06-05,North,50.0,13,Month-to-month,None,10.8,131.0,5,No
C102328,2026-05-01,South,64.0,2,Two year,DSL,50.64,94.88,0,No
C102329,2025-08-04,West,57.0,11,One year,DSL,53.88,585.4,1,No
C102330,2026-01-31,North,66.0,5,Month-to-month,DSL,46.33,219.84,0,No
C102331,2021-05-27,East,40.0,62,One year,DSL,57.04,3484.06,1,No
C102332,2024-11-07,South,75.0,20,Month-to-month,Fiber optic,62.58,1198.92,1,No
C102333,2021-07-26,East,44.0,60,Month-to-month,None,21.53,1195.77,1,No
C102334,2023-03-18,East,33.0,40,Month-to-month,Fiber optic,69.49,2637.62,1,Yes
C102335,2023-04-17,East,64.0,39,Month-to-month,Fiber optic,68.45,2489.79,2,Yes
C102336,2023-10-14,South,56.0,33,One year,Fiber optic,84.36,2715.64,0,No
C102337,2021-08-25,West,21.0,59,Month-to-month,DSL,49.43,2895.7,0,No
C102338,2026-03-02,South,28.0,4,One year,None,16.35,64.16,5,No
C102339,2025-12-02,North,20.0,7,Month-to-month,None,26.34,181.11,0,Yes
C102340,2023-12-13,North,53.0,31,One year,DSL,57.11,1750.85,1,No
C102341,2024-02-11,North,72.0,29,One year,None,29.29,834.23,1,No
C102342,2023-03-18,South,38.0,40,One year,DSL,53.63,2071.16,1,No
C102343,2022-01-22,West,24.0,54,One year,Fiber optic,50.0,2638.28,1,No
C102344,2022-12-18,North,70.0,43,Two year,DSL,30.0,1229.73,2,No
C102345,2024-12-07,North,62.0,19,Month-to-month,Fiber optic,80.3,1412.28,0,No
C102346,2024-07-10,East,51.0,24,One year,Fiber optic,70.27,1646.76,0,No
C102347,2021-12-23,East,30.0,55,One year,Fiber optic,64.74,3481.41,0,No
C102348,2025-04-06,East,59.0,15,Month-to-month,Fiber optic,73.33,1031.64,0,Yes
C102349,2023-06-16,North,40.0,37,Month-to-month,None,43.13,1589.93,0,Yes
C102350,2023-04-17,North,33.0,39,Month-to-month,None,36.96,1332.18,5,No
C102351,2021-12-23,South,36.0,55,Month-to-month,Fiber optic,76.55,4121.32,4,Yes
C102352,2022-03-23,East,21.0,52,Month-to-month,DSL,34.36,1782.21,0,No
C102353,2023-09-14,East,48.0,34,Month-to-month,Fiber optic,55.92,1796.2,0,Yes
C102354,2024-08-09,West,64.0,23,One year,Fiber optic,50.0,1141.95,1,No
C102355,2024-04-11,East,69.0,27,Month-to-month,Fiber optic,72.6,1932.98,0,No
C102356,2024-01-12,South,62.0,30,Two year,Fiber optic,78.3,2300.91,0,No
C102357,2025-03-07,East,72.0,16,Month-to-month,Fiber optic,79.28,1263.79,2,Yes
C102358,2022-09-19,South,77.0,46,One year,Fiber optic,73.11,3269.99,1,No
C102359,2025-03-07,North,31.0,16,Month-to-month,Fiber optic,63.15,969.57,1,No
C102360,2022-08-20,East,44.0,47,Month-to-month,Fiber optic,58.23,2665.8,1,No
C102361,2021-12-23,South,38.0,55,Month-to-month,None,10.1,529.36,1,No
C102362,2020-09-29,South,60.0,70,One year,Fiber optic,63.04,4174.47,3,No
C102363,2025-10-03,East,69.0,9,Month-to-month,Fiber optic,53.27,444.23,3,No
C102364,2021-12-23,North,73.0,55,Two year,DSL,66.07,3453.03,1,No
C102365,2025-12-02,North,23.0,7,Month-to-month,Fiber optic,50.0,344.49,0,Yes
C102366,2024-06-10,South,49.0,25,One year,DSL,42.64,1061.35,2,Yes
C102367,2025-06-05,East,25.0,13,Month-to-month,Fiber optic,50.0,648.71,5,Yes
C102368,2025-07-05,West,38.0,12,One year,DSL,48.56,545.73,0,No
C102369,2025-06-05,East,47.0,13,Month-to-month,DSL,44.97,564.57,0,Yes
C102370,2026-03-02,South,56.0,4,Month-to-month,DSL,40.72,157.35,1,Yes
C102371,2021-07-26,South,66.0,60,Month-to-month,DSL,33.81,1894.88,2,Yes
C102372,2026-01-31,South,79.0,5,Month-to-month,Fiber optic,65.03,314.27,1,Yes
C102373,2024-02-11,South,38.0,29,Month-to-month,Fiber optic,58.47,1609.19,2,Yes
C102374,2022-04-22,East,52.0,51,Two year,Fiber optic,63.36,3216.47,1,No
C102375,2020-07-31,West,22.0,72,Month-to-month,DSL,68.49,4637.46,1,No
C102376,2021-05-27,East,24.0,62,Month-to-month,Fiber optic,67.07,4103.44,0,No
C102377,2025-09-03,South,78.0,10,Two year,Fiber optic,71.39,708.01,1,No
C102378,2020-07-31,South,76.0,72,Month-to-month,DSL,39.43,2778.97,1,No
C102379,2022-07-21,North,76.0,48,Month-to-month,Fiber optic,55.59,2500.68,1,No
C102380,2025-06-05,West,34.0,13,One year,Fiber optic,64.72,791.58,2,No
C102381,2023-10-14,West,58.0,33,Two year,DSL,75.0,2469.28,1,No
C102382,2020-12-28,North,32.0,67,One year,Fiber optic,61.55,3818.96,3,No
C102383,2024-02-11,North,60.0,29,Month-to-month,DSL,49.34,1329.79,2,Yes
C102384,2025-05-06,North,48.0,14,Two year,None,10.06,140.6,0,Yes
C102385,2021-03-28,West,75.0,64,Month-to-month,None,5.0,314.29,3,No
C102386,2020-10-29,North,41.0,69,Two year,Fiber optic,55.52,3753.15,3,No
C102387,2020-08-30,North,57.0,71,Two year,Fiber optic,93.57,6197.14,1,No
C102388,2020-10-29,South,58.0,69,Two year,DSL,52.14,3450.57,0,No
C102389,2021-04-27,South,66.0,63,Month-to-month,DSL,64.69,4023.55,1,No
C102390,2023-10-14,South,21.0,33,Month-to-month,DSL,40.83,1275.05,2,No
C102391,2025-05-06,East,46.0,14,One year,Fiber optic,50.0,654.79,2,No
C102392,2022-10-19,North,46.0,45,Month-to-month,Fiber optic,51.7,2142.42,1,No
C102393,2025-03-07,North,32.0,16,Month-to-month,Fiber optic,69.76,1082.46,2,Yes
C102394,2023-08-15,North,67.0,35,Two year,Fiber optic,67.85,2240.59,1,No
C102395,2022-07-21,East,69.0,48,One year,Fiber optic,64.87,3079.8,1,No
C102396,2020-10-29,East,23.0,69,Month-to-month,None,13.64,887.21,3,No
C102397,2024-10-08,South,60.0,21,Month-to-month,Fiber optic,76.28,1493.15,2,No
C102398,2024-12-07,West,71.0,19,Month-to-month,DSL,38.98,738.28,1,Yes
C102399,2022-02-21,East,35.0,53,Month-to-month,None,23.69,1252.03,0,No
C102400,2026-05-31,West,57.0,1,Month-to-month,Fiber optic,67.34,65.64,1,Yes
C102401,2023-02-16,West,56.0,41,Two year,DSL,40.58,1654.25,1,No
C102402,2022-01-22,South,19.0,54,One year,DSL,34.42,1734.05,1,No
C102403,2023-03-18,East,68.0,40,Month-to-month,Fiber optic,59.87,2291.41,0,No
C102404,2024-03-12,East,64.0,28,Month-to-month,DSL,67.48,1769.14,2,No
C102405,2021-07-26,South,34.0,60,One year,DSL,58.35,3355.02,3,Yes
C102406,2024-04-11,East,37.0,27,Two year,DSL,57.24,1519.66,0,No
C102407,2022-03-23,South,65.0,52,Two year,DSL,35.56,,1,No
C102408,2023-09-14,North,67.0,34,Month-to-month,None,5.0,156.46,2,No
C102409,2026-05-01,North,22.0,2,Two year,Fiber optic,78.16,148.69,0,No
C102410,2023-04-17,South,40.0,39,Month-to-month,DSL,55.86,2177.51,2,Yes
C102411,2026-03-02,West,56.0,4,Month-to-month,DSL,46.65,180.47,3,No
C102412,2020-11-28,North,25.0,68,Two year,DSL,40.55,2602.15,1,No
C102413,2022-11-18,East,79.0,44,Month-to-month,DSL,30.0,1255.48,1,No
C102414,2024-04-11,North,30.0,27,Month-to-month,DSL,55.41,1414.99,2,Yes
C102415,2023-07-16,East,71.0,36,Month-to-month,None,34.23,1177.82,1,No
C102416,2022-10-19,North,21.0,45,Month-to-month,Fiber optic,56.85,2444.56,0,Yes
C102417,2024-12-07,South,72.0,19,Month-to-month,DSL,35.85,654.28,1,No
C102418,2024-10-08,West,20.0,21,One year,Fiber optic,79.89,1605.82,1,No
C102419,2023-12-13,South,60.0,31,Month-to-month,DSL,37.3,1111.54,2,No
C102420,2024-12-07,West,40.0,19,Month-to-month,DSL,66.35,1162.62,2,Yes
C102421,2021-12-23,North,46.0,55,Two year,DSL,43.69,2221.18,2,No
C102422,2025-11-02,North,24.0,8,Month-to-month,Fiber optic,60.36,458.59,2,No
C102423,2021-07-26,North,59.0,60,Two year,DSL,45.54,2707.25,2,No
C102424,2024-05-11,North,56.0,26,Month-to-month,Fiber optic,60.36,1543.1,1,Yes
C102425,2023-02-16,South,37.0,41,One year,Fiber optic,78.51,2989.76,1,No
C102426,2025-07-05,West,47.0,12,Month-to-month,Fiber optic,75.63,870.88,3,Yes
C102427,2024-03-12,North,52.0,28,Two year,None,33.06,896.4,0,No
C102428,2021-12-23,South,60.0,55,Month-to-month,Fiber optic,67.21,3543.13,3,No
C102429,2024-11-07,North,51.0,20,Two year,None,14.52,283.37,2,No
C102430,2025-09-03,East,21.0,10,Month-to-month,Fiber optic,64.89,648.76,0,No
C102431,2023-05-17,East,51.0,38,One year,DSL,39.89,1406.25,1,No
C102432,2025-07-05,North,39.0,12,Month-to-month,DSL,62.6,722.09,1,No
C102433,2024-08-09,South,43.0,23,Month-to-month,DSL,57.03,1260.52,3,No
C102434,2023-10-14,North,40.0,33,Month-to-month,DSL,43.9,1397.98,1,No
C102435,2023-02-16,South,39.0,41,Month-to-month,DSL,33.88,1296.51,1,Yes
C102436,2022-08-20,South,32.0,47,Month-to-month,None,38.49,1756.69,2,No
C102437,2022-06-21,West,38.0,49,One year,DSL,46.64,2110.64,4,No
C102438,2021-06-26,North,62.0,61,Month-to-month,Fiber optic,63.44,3789.7,0,No
C102439,2026-01-31,East,31.0,5,Month-to-month,Fiber optic,83.6,406.74,2,No
C102440,2024-04-11,West,65.0,27,Month-to-month,DSL,38.88,993.53,2,No
C102441,2026-05-31,North,45.0,1,Month-to-month,DSL,41.17,41.13,2,No
C102442,2026-05-31,West,55.0,1,Month-to-month,DSL,42.23,41.65,0,Yes
C102443,2025-03-07,West,25.0,16,One year,DSL,30.0,462.32,4,Yes
C102444,2022-11-18,South,30.0,44,Month-to-month,Fiber optic,68.79,3024.46,3,Yes
C102445,2021-02-26,South,73.0,65,Two year,DSL,35.85,2298.58,1,No
C102446,2021-11-23,East,69.0,56,Month-to-month,DSL,38.15,1989.07,3,Yes
C102447,2022-08-20,East,22.0,47,Month-to-month,DSL,36.55,1661.65,3,Yes
C102448,2021-10-24,West,74.0,57,Two year,DSL,37.96,2091.17,2,No
C102449,2025-06-05,West,69.0,13,Month-to-month,None,9.93,125.51,2,Yes
C102450,2021-06-26,South,26.0,61,Month-to-month,DSL,47.97,2912.3,2,No
C102451,2021-02-26,North,32.0,65,Two year,None,18.13,1130.56,1,No
C102452,2025-12-02,South,29.0,7,Two year,Fiber optic,65.58,425.18,1,Yes
C102453,2023-09-14,East,70.0,34,One year,DSL,73.25,2386.76,0,Yes
C102454,2021-07-26,West,70.0,60,Month-to-month,DSL,43.13,2543.87,1,No
C102455,2023-08-15,South,62.0,35,One year,DSL,52.26,1735.25,2,No
C102456,2021-06-26,West,33.0,61,Two year,Fiber optic,73.62,4141.29,3,No
C102457,2020-11-28,North,75.0,68,Two year,DSL,44.25,2841.28,1,No
C102458,2023-08-15,East,70.0,35,Month-to-month,Fiber optic,68.29,2329.37,0,No
C102459,2026-01-31,South,71.0,5,Month-to-month,None,20.25,93.85,1,No
C102460,2024-06-10,East,40.0,25,Month-to-month,Fiber optic,67.43,1601.59,3,No
C102461,2025-03-07,South,61.0,16,Month-to-month,Fiber optic,57.96,863.05,1,No
C102462,2023-08-15,West,59.0,35,One year,DSL,39.07,1310.12,2,No
C102463,2022-12-18,North,27.0,43,Month-to-month,Fiber optic,65.2,2611.05,2,Yes
C102464,2023-09-14,West,54.0,34,Month-to-month,Fiber optic,50.0,1578.83,2,Yes
C102465,2025-04-06,South,52.0,15,Month-to-month,DSL,62.95,921.42,1,Yes
C102466,2024-09-08,East,54.0,22,Month-to-month,DSL,70.93,1455.35,0,No
C102467,2022-06-21,South,39.0,49,Month-to-month,Fiber optic,67.04,3062.84,1,No
C102468,2026-05-01,South,59.0,2,Month-to-month,DSL,52.99,102.53,0,Yes
C102469,2025-03-07,South,72.0,16,Month-to-month,DSL,57.97,856.55,0,Yes
C102470,2021-02-26,South,55.0,65,Two year,DSL,30.0,1799.15,2,No
C102471,2025-11-02,North,72.0,8,Month-to-month,Fiber optic,76.14,581.41,1,Yes
C102472,2024-01-12,South,65.0,30,Month-to-month,Fiber optic,59.88,1705.16,2,Yes
C102473,2025-04-06,South,37.0,15,Month-to-month,None,47.49,686.4,2,No
C102474,2025-11-02,East,63.0,8,Month-to-month,DSL,42.74,341.74,0,No
C102475,2023-12-13,South,59.0,31,Month-to-month,Fiber optic,75.9,2246.49,1,Yes
C102476,2023-05-17,East,76.0,38,Month-to-month,DSL,42.86,1573.44,0,No
C102477,2025-06-05,South,38.0,13,Month-to-month,Fiber optic,91.36,1180.01,3,Yes
C102478,2026-01-01,South,28.0,6,Month-to-month,DSL,38.85,223.46,3,Yes
C102479,2025-09-03,East,60.0,10,One year,DSL,58.98,579.47,2,No
C102480,2022-08-20,East,57.0,47,Month-to-month,None,27.52,1246.74,5,No
C102481,2021-05-27,West,56.0,62,Month-to-month,None,24.85,1495.98,0,No
C102482,2025-06-05,South,63.0,13,One year,Fiber optic,67.75,875.99,3,No
C102483,2024-07-10,North,49.0,24,Month-to-month,DSL,37.0,817.01,1,No
C102484,2024-06-10,East,19.0,25,Month-to-month,Fiber optic,50.0,1240.09,0,Yes
C102485,2024-05-11,South,72.0,26,Month-to-month,DSL,57.89,1444.66,0,Yes
C102486,2025-01-06,North,35.0,18,Month-to-month,DSL,39.13,682.18,0,No
C102487,2026-03-02,West,33.0,4,Month-to-month,Fiber optic,79.04,302.25,2,Yes
C102488,2023-05-17,East,68.0,38,Two year,Fiber optic,69.22,2474.84,1,No
C102489,2024-05-11,East,67.0,26,Two year,Fiber optic,79.4,1910.15,1,No
C102490,2024-06-10,East,49.0,25,Two year,Fiber optic,74.62,1857.31,0,No
C102491,2024-11-07,West,60.0,20,Month-to-month,Fiber optic,50.0,969.91,1,Yes
C102492,2020-12-28,East,23.0,67,Month-to-month,None,27.38,1815.89,0,No
C102493,2022-11-18,East,35.0,44,Month-to-month,DSL,40.88,1696.67,0,Yes
C102494,2023-12-13,West,33.0,31,Month-to-month,DSL,58.98,1722.77,1,Yes
C102495,2025-04-06,East,44.0,15,Month-to-month,None,27.09,384.76,1,No
C102496,2021-09-24,East,40.0,58,Month-to-month,DSL,52.24,2843.53,0,Yes
C102497,2021-03-28,North,22.0,64,Month-to-month,Fiber optic,61.73,3792.05,2,No
C102498,2026-04-01,South,60.0,3,Month-to-month,None,9.05,27.01,1,No
C102499,2020-12-28,South,55.0,67,Month-to-month,DSL,39.81,2640.82,1,No
C102500,2022-04-22,West,41.0,51,One year,DSL,30.0,1468.2,2,No
C102501,2025-11-02,East,73.0,8,Month-to-month,None,12.92,,0,No
C102502,2021-12-23,East,40.0,55,Two year,DSL,30.0,1598.74,3,No
C102503,2025-11-02,East,25.0,8,Month-to-month,DSL,30.0,232.56,0,No
C102504,2026-03-02,East,70.0,4,Month-to-month,None,21.4,83.43,1,No
C102505,2025-10-03,West,26.0,9,Month-to-month,DSL,51.41,445.5,1,Yes
C102506,2023-09-14,North,22.0,34,Month-to-month,DSL,44.62,1398.96,1,Yes
C102507,2022-10-19,West,47.0,45,Month-to-month,Fiber optic,59.01,2459.17,4,Yes
C102508,2024-01-12,West,53.0,30,Month-to-month,Fiber optic,53.63,1605.52,1,Yes
C102509,2025-10-03,North,35.0,9,One year,DSL,41.19,363.18,3,Yes
C102510,2025-04-06,East,70.0,15,Month-to-month,Fiber optic,55.13,823.53,4,No
C102511,2021-05-27,South,35.0,62,Month-to-month,None,19.25,1130.44,3,Yes
C102512,2020-09-29,South,77.0,70,Two year,Fiber optic,50.0,3369.79,3,No
C102513,2021-12-23,West,57.0,55,Month-to-month,DSL,53.42,2778.73,2,No
C102514,2025-11-02,South,29.0,8,One year,Fiber optic,58.2,462.21,2,No
C102515,2021-07-26,West,43.0,60,Month-to-month,None,24.52,1387.37,1,No
C102516,2022-05-22,East,22.0,50,Month-to-month,Fiber optic,75.65,3689.85,3,Yes
C102517,2023-05-17,West,70.0,38,Month-to-month,Fiber optic,68.93,2446.48,0,No
C102518,2025-08-04,East,58.0,11,Month-to-month,Fiber optic,74.59,761.76,1,No
C102519,2020-07-31,East,44.0,72,One year,DSL,30.0,2014.09,1,No
C102520,2023-11-13,North,60.0,32,Month-to-month,None,14.09,433.91,1,No
C102521,2026-03-02,West,56.0,4,Month-to-month,None,33.24,131.31,2,No
C102522,2025-03-07,East,55.0,16,Month-to-month,Fiber optic,71.11,1137.69,1,No
C102523,2024-02-11,South,42.0,29,Two year,DSL,67.18,1889.41,3,Yes
C102524,2026-01-31,South,39.0,5,One year,Fiber optic,85.45,411.31,2,Yes
C102525,2024-07-10,North,33.0,24,Two year,DSL,48.6,1146.51,1,No
C102526,2023-09-14,South,66.0,34,One year,DSL,41.98,1320.41,3,No
C102527,2020-10-29,North,47.0,69,One year,Fiber optic,53.5,3635.21,0,No
C102528,2025-12-02,West,47.0,7,Month-to-month,DSL,39.29,269.71,3,No
C102529,2023-01-17,South,62.0,42,Two year,None,15.1,610.33,0,No
C102530,2021-01-27,East,50.0,66,Month-to-month,Fiber optic,57.88,3521.5,3,Yes
C102531,2021-08-25,West,77.0,59,Month-to-month,Fiber optic,53.98,2981.55,1,No
C102532,2020-12-28,West,32.0,67,One year,Fiber optic,69.82,4442.06,1,No
C102533,2025-06-05,South,20.0,13,Month-to-month,Fiber optic,85.36,1104.46,1,No
C102534,2021-09-24,North,44.0,58,Month-to-month,Fiber optic,76.2,4291.78,1,Yes
C102535,2020-08-30,East,50.0,71,Month-to-month,DSL,41.13,2805.78,1,No
C102536,2024-07-10,West,68.0,24,Month-to-month,Fiber optic,77.17,1776.28,2,Yes
C102537,2023-07-16,South,57.0,36,Two year,DSL,49.16,1738.61,0,No
C102538,2023-04-17,North,76.0,39,Month-to-month,None,19.51,719.72,1,No
C102539,2023-07-16,East,23.0,36,Two year,None,18.76,626.44,1,No
C102540,2024-10-08,East,51.0,21,Month-to-month,DSL,42.6,871.49,3,No
C102541,2020-09-29,North,69.0,70,One year,Fiber optic,72.81,4823.12,3,No
C102542,2020-10-29,North,49.0,69,Month-to-month,Fiber optic,66.68,4352.69,3,Yes
C102543,2024-03-12,East,35.0,28,Two year,Fiber optic,56.26,1506.56,1,No
C102544,2021-09-24,North,65.0,58,Month-to-month,None,10.68,581.91,2,No
C102545,2024-02-11,North,72.0,29,Month-to-month,None,23.67,682.13,1,No
C102546,2021-09-24,South,34.0,58,Month-to-month,Fiber optic,70.14,4018.32,1,No
C102547,2022-12-18,South,52.0,43,Month-to-month,Fiber optic,61.24,,3,Yes
C102548,2023-09-14,West,67.0,34,Month-to-month,DSL,31.42,1065.25,2,No
C102549,2025-09-03,South,27.0,10,One year,Fiber optic,80.01,756.22,1,Yes
C102550,2022-07-21,West,18.0,48,Two year,None,32.46,1480.87,3,No
C102551,2024-07-10,East,63.0,24,One year,Fiber optic,50.0,1171.03,0,No
C102552,2025-03-07,South,64.0,16,Month-to-month,Fiber optic,81.07,1194.99,1,Yes
C102553,2025-05-06,East,27.0,14,Month-to-month,Fiber optic,62.49,874.43,1,No
C102554,2020-08-30,North,55.0,71,Two year,Fiber optic,67.28,4398.87,2,No
C102555,2025-11-02,West,62.0,8,Two year,Fiber optic,78.66,605.69,1,No
C102556,2021-09-24,South,77.0,58,Month-to-month,None,39.83,2248.91,2,No
C102557,2021-04-27,West,68.0,63,Two year,Fiber optic,77.03,4819.56,2,No
C102558,2026-04-01,East,31.0,3,Month-to-month,DSL,47.89,139.58,2,No
C102559,2022-12-18,South,53.0,43,Two year,Fiber optic,50.0,2080.68,0,No
C102560,2023-01-17,South,63.0,42,Two year,Fiber optic,50.0,1982.46,0,No
C102561,2024-05-11,North,34.0,26,One year,Fiber optic,75.54,1899.76,2,No
C102562,2022-06-21,East,28.0,49,Month-to-month,Fiber optic,81.1,3894.33,2,Yes
C102563,2024-01-12,North,45.0,30,One year,Fiber optic,55.22,1592.4,3,No
C102564,2023-11-13,East,62.0,32,Month-to-month,Fiber optic,61.76,1941.48,0,No
C102565,2023-11-13,North,50.0,32,One year,DSL,38.31,1134.67,1,No
C102566,2021-09-24,North,55.0,58,Month-to-month,DSL,37.99,2086.26,2,No
C102567,2022-09-19,North,59.0,46,One year,None,32.9,1508.53,1,No
C102568,2024-03-12,North,77.0,28,Two year,Fiber optic,67.62,1790.88,4,No
C102569,2020-12-28,West,57.0,67,Month-to-month,DSL,42.25,2745.12,0,No
C102570,2021-09-24,West,26.0,58,Month-to-month,DSL,75.0,4182.92,4,No
C102571,2020-11-28,West,42.0,68,One year,Fiber optic,50.0,3382.76,2,No
C102572,2022-02-21,East,28.0,53,Month-to-month,Fiber optic,71.57,3539.15,1,Yes
C102573,2024-02-11,North,65.0,29,Month-to-month,DSL,32.41,887.21,2,No
C102574,2021-11-23,West,79.0,56,Month-to-month,DSL,43.11,2387.58,1,No
C102575,2024-07-10,West,65.0,24,Month-to-month,DSL,46.78,1092.74,2,No
C102576,2024-11-07,North,33.0,20,One year,Fiber optic,75.14,1447.86,1,No
C102577,2023-10-14,West,61.0,33,One year,None,16.87,529.76,1,No
C102578,2020-09-29,West,19.0,70,Month-to-month,Fiber optic,60.6,4042.22,1,No
C102579,2023-02-16,South,34.0,41,Month-to-month,None,16.65,679.1,2,No
C102580,2024-03-12,East,36.0,28,Month-to-month,DSL,32.04,873.51,1,No
C102581,2023-09-14,West,47.0,34,Month-to-month,None,27.59,932.74,3,Yes
C102582,2024-10-08,South,,21,One year,DSL,48.38,1013.72,3,Yes
C102583,2022-07-21,West,44.0,48,Month-to-month,Fiber optic,70.22,3248.41,2,No
C102584,2024-05-11,South,18.0,26,Month-to-month,DSL,44.17,1112.58,3,Yes
C102585,2023-03-18,West,68.0,40,Two year,DSL,42.69,1660.66,3,No
C102586,2024-04-11,North,42.0,27,Month-to-month,DSL,59.11,1575.44,3,No
C102587,2024-07-10,East,68.0,24,One year,Fiber optic,77.26,1803.67,1,No
C102588,2020-09-29,East,21.0,70,Month-to-month,Fiber optic,81.98,5332.15,0,No
C102589,2024-06-10,South,71.0,25,Month-to-month,Fiber optic,69.47,,2,No
C102590,2026-01-01,South,56.0,6,Month-to-month,DSL,61.23,357.41,6,Yes
C102591,2024-03-12,North,32.0,28,One year,DSL,40.01,1108.62,1,No
C102592,2023-04-17,East,64.0,39,Two year,None,17.59,654.44,2,No
C102593,2025-12-02,West,64.0,7,Month-to-month,DSL,59.34,397.92,1,Yes
C102594,2024-08-09,East,63.0,23,Month-to-month,DSL,55.12,1236.2,4,No
C102595,2025-07-05,South,71.0,12,Month-to-month,Fiber optic,61.51,724.92,1,Yes
C102596,2023-06-16,East,77.0,37,One year,DSL,32.44,1111.79,2,No
C102597,2022-02-21,South,28.0,53,One year,Fiber optic,62.55,3157.97,0,No
C102598,2020-09-29,West,35.0,70,One year,Fiber optic,56.78,3901.42,1,Yes
C102599,2024-02-11,South,20.0,29,Two year,Fiber optic,85.69,2483.47,1,No
C102600,2021-04-27,East,22.0,63,Month-to-month,Fiber optic,74.12,,4,No
C102601,2025-03-07,South,24.0,16,One year,Fiber optic,55.81,840.44,3,No
C102602,2021-10-24,West,60.0,57,One year,DSL,32.46,1771.01,0,No
C102603,2023-02-16,North,55.0,41,Month-to-month,Fiber optic,55.66,2140.2,2,Yes
C102604,2021-12-23,East,20.0,55,Two year,Fiber optic,58.29,2956.38,1,No
C102605,2021-12-23,West,44.0,55,Month-to-month,Fiber optic,63.0,3337.36,1,No
C102606,2023-04-17,South,24.0,39,One year,DSL,58.37,2212.58,1,No
C102607,2024-12-07,East,30.0,19,One year,DSL,33.4,604.95,1,No
C102608,2023-05-17,South,21.0,38,Two year,Fiber optic,92.47,3336.73,1,No
C102609,2021-07-26,South,50.0,60,Month-to-month,Fiber optic,53.68,3217.09,3,No
C102610,2020-09-29,West,23.0,70,Month-to-month,None,5.0,335.37,0,No
C102611,2020-12-28,South,66.0,67,Two year,DSL,65.26,4301.79,6,No
C102612,2025-05-06,North,75.0,14,One year,DSL,60.86,803.45,4,No
C102613,2022-11-18,East,71.0,44,Month-to-month,DSL,42.81,1858.05,1,No
C102614,2025-11-02,South,69.0,8,One year,DSL,49.58,391.05,2,No
C102615,2022-06-21,West,64.0,49,Month-to-month,None,24.88,1147.7,2,No
C102616,2020-07-31,North,74.0,72,One year,Fiber optic,66.64,4665.98,1,No
C102617,2026-03-02,West,72.0,4,Two year,DSL,30.0,116.95,3,No
C102618,2022-07-21,East,31.0,48,Month-to-month,Fiber optic,50.0,,1,No
C102619,2020-10-29,West,55.0,69,Month-to-month,DSL,34.86,2361.81,2,No
C102620,2021-06-26,South,36.0,61,Two year,Fiber optic,86.79,5000.63,3,Yes
C102621,2024-02-11,South,69.0,29,One year,Fiber optic,87.26,2426.13,5,Yes
C102622,2025-11-02,South,18.0,8,Two year,None,16.86,134.77,3,No
C102623,2020-12-28,West,43.0,67,Month-to-month,None,8.5,532.08,3,Yes
C102624,2020-12-28,North,41.0,67,Two year,Fiber optic,68.34,4266.61,1,No
C102625,2023-01-17,East,70.0,42,Month-to-month,None,25.27,988.51,1,No
C102626,2020-08-30,South,36.0,71,Month-to-month,Fiber optic,72.21,5126.13,0,No
C102627,2026-05-31,East,73.0,1,Month-to-month,DSL,30.0,27.98,0,Yes
C102628,2022-10-19,West,48.0,45,One year,None,50.0,2104.24,0,No
C102629,2026-04-01,East,60.0,3,Two year,Fiber optic,78.59,230.01,0,Yes
C102630,2020-11-28,North,50.0,68,One year,DSL,42.63,2843.07,2,No
C102631,2022-06-21,South,44.0,49,One year,DSL,36.38,1715.17,4,No
C102632,2021-01-27,North,36.0,66,Month-to-month,Fiber optic,76.85,5065.07,3,No
C102633,2023-02-16,South,35.0,41,Month-to-month,Fiber optic,70.94,2684.91,1,No
C102634,2026-01-01,North,57.0,6,Month-to-month,Fiber optic,66.11,384.63,1,Yes
C102635,2026-05-01,East,38.0,2,Month-to-month,DSL,50.5,97.82,2,Yes
C102636,2024-06-10,East,71.0,25,Month-to-month,Fiber optic,63.65,1504.84,0,No
C102637,2022-01-22,South,26.0,54,Two year,Fiber optic,69.82,3739.95,1,No
C102638,2025-08-04,West,,11,One year,DSL,53.72,569.78,2,No
C102639,2021-05-27,East,20.0,62,One year,Fiber optic,69.12,4027.06,0,No
C102640,2025-01-06,East,71.0,18,Month-to-month,Fiber optic,68.49,1142.91,1,Yes
C102641,2023-07-16,South,43.0,36,Month-to-month,DSL,61.71,2062.87,3,No
C102642,2025-04-06,South,20.0,15,Month-to-month,DSL,30.0,446.3,0,No
C102643,2023-09-14,East,20.0,34,Month-to-month,Fiber optic,55.43,1771.59,2,No
C102644,2023-10-14,West,74.0,33,Month-to-month,None,20.32,665.57,2,No
C102645,2026-05-31,West,72.0,1,Month-to-month,DSL,36.24,33.69,1,Yes
C102646,2023-02-16,West,35.0,41,Month-to-month,Fiber optic,60.25,2467.08,3,No
C102647,2021-10-24,North,58.0,57,One year,DSL,60.45,3399.71,0,No
C102648,2020-11-28,West,33.0,68,Month-to-month,DSL,43.21,2730.54,3,No
C102649,2024-07-10,North,70.0,24,Month-to-month,DSL,30.0,667.36,1,Yes
C102650,2021-03-28,North,62.0,64,Month-to-month,DSL,39.92,2514.7,1,No
C102651,2021-03-28,East,45.0,64,Month-to-month,DSL,45.7,2709.08,1,No
C102652,2020-07-31,South,75.0,72,Month-to-month,None,20.48,1387.52,1,No
C102653,2024-04-11,North,31.0,27,Month-to-month,DSL,51.67,1372.91,1,Yes
C102654,2021-05-27,North,79.0,62,One year,DSL,50.69,3119.54,1,No
C102655,2023-02-16,North,35.0,41,Month-to-month,DSL,43.33,1743.51,2,No
C102656,2026-01-31,South,73.0,5,Two year,None,5.68,28.15,2,No
C102657,2024-11-07,East,70.0,20,Month-to-month,None,14.71,283.84,5,Yes
C102658,2022-06-21,East,52.0,49,Month-to-month,Fiber optic,57.53,2769.27,2,Yes
C102659,2025-07-05,North,25.0,12,Month-to-month,Fiber optic,61.58,700.19,2,Yes
C102660,2023-11-13,North,64.0,32,Month-to-month,DSL,53.29,1675.98,4,Yes
C102661,2021-11-23,East,61.0,56,Month-to-month,Fiber optic,69.85,3811.38,3,Yes
C102662,2025-08-04,West,71.0,11,Two year,DSL,54.89,583.25,2,No
C102663,2023-07-16,North,31.0,36,Month-to-month,DSL,40.39,1453.14,3,Yes
C102664,2025-03-07,South,32.0,16,One year,None,38.1,583.74,3,No
C102665,2023-04-17,North,39.0,39,Month-to-month,Fiber optic,73.07,2762.93,2,Yes
C102666,2025-01-06,South,40.0,18,Month-to-month,DSL,46.35,801.59,1,No
C102667,2020-09-29,South,18.0,70,Month-to-month,Fiber optic,72.24,4757.64,4,Yes
C102668,2026-01-01,North,27.0,6,Month-to-month,DSL,36.89,209.48,2,Yes
C102669,2020-09-29,West,47.0,70,Month-to-month,Fiber optic,50.0,3494.06,2,Yes
C102670,2021-09-24,West,77.0,58,Two year,DSL,37.72,2081.37,1,No
C102671,2021-05-27,East,25.0,62,One year,DSL,53.97,3260.32,3,No
C102672,2021-05-27,West,32.0,62,Two year,DSL,45.96,2750.83,1,No
C102673,2025-05-06,South,71.0,14,Month-to-month,DSL,43.36,601.69,1,No
C102674,2020-11-28,West,20.0,68,One year,Fiber optic,54.83,3656.16,2,No
C102675,2022-12-18,South,24.0,43,One year,Fiber optic,50.0,1991.87,5,Yes
C102676,2020-09-29,South,73.0,70,One year,Fiber optic,82.1,5450.66,2,No
C102677,2021-03-28,East,33.0,64,Two year,None,17.51,1094.81,5,No
C102678,2023-01-17,East,37.0,42,One year,None,14.85,581.86,2,Yes
C102679,2024-04-11,East,18.0,27,Two year,Fiber optic,56.94,1476.31,0,No
C102680,2025-10-03,West,43.0,9,One year,Fiber optic,80.05,681.13,2,No
C102681,2025-11-02,South,79.0,8,Month-to-month,Fiber optic,75.58,559.4,1,No
C102682,2024-02-11,East,79.0,29,One year,DSL,33.39,968.09,2,No
C102683,2021-08-25,North,57.0,59,Month-to-month,Fiber optic,78.97,4632.9,1,Yes
C102684,2023-06-16,North,59.0,37,Two year,Fiber optic,63.26,2293.34,1,No
C102685,2023-08-15,South,57.0,35,Two year,Fiber optic,57.67,1889.43,4,No
C102686,2025-01-06,East,61.0,18,Month-to-month,Fiber optic,61.48,1105.62,2,Yes
C102687,2023-02-16,East,50.0,41,Month-to-month,Fiber optic,55.6,2212.27,1,No
C102688,2022-09-19,North,30.0,46,Month-to-month,Fiber optic,50.0,2293.76,1,No
C102689,2020-08-30,West,71.0,71,Month-to-month,DSL,54.31,3560.66,0,No
C102690,2022-02-21,East,72.0,53,Month-to-month,DSL,42.35,2096.14,3,No
C102691,2022-11-18,East,26.0,44,One year,Fiber optic,72.41,3103.78,0,No
C102692,2021-01-27,East,23.0,66,One year,DSL,48.45,3173.96,0,No
C102693,2023-12-13,East,67.0,31,Two year,DSL,51.58,1493.55,0,Yes
C102694,2020-11-28,South,20.0,68,Month-to-month,DSL,30.0,,1,Yes
C102695,2024-04-11,South,68.0,27,Month-to-month,None,9.6,250.66,1,No
C102696,2025-09-03,North,78.0,10,Month-to-month,Fiber optic,71.83,718.28,2,Yes
C102697,2023-12-13,East,20.0,31,Two year,None,5.0,,2,No
C102698,2025-09-03,North,67.0,10,Month-to-month,DSL,49.48,491.77,1,Yes
C102699,2025-10-03,East,26.0,9,Month-to-month,DSL,30.0,262.98,2,Yes
C102700,2021-03-28,South,35.0,64,Month-to-month,Fiber optic,65.2,4131.86,1,No
C102701,2021-09-24,North,51.0,58,Two year,Fiber optic,84.32,4697.69,3,No
C102702,2025-03-07,South,60.0,16,Month-to-month,Fiber optic,74.3,1105.5,0,No
C102703,2021-06-26,West,23.0,61,One year,None,5.0,297.91,4,No
C102704,2026-01-31,East,24.0,5,One year,DSL,55.18,267.1,5,No
C102705,2024-10-08,South,35.0,21,One year,Fiber optic,86.87,1749.16,2,No
C102706,2022-04-22,South,60.0,51,Month-to-month,DSL,75.0,3603.15,2,Yes
C102707,2024-09-08,East,43.0,22,Month-to-month,Fiber optic,70.7,1528.55,0,No
C102708,2022-02-21,North,35.0,53,Month-to-month,Fiber optic,50.0,2611.93,3,No
C102709,2021-04-27,East,27.0,63,Month-to-month,DSL,50.22,3002.93,1,Yes
C102710,2026-01-31,North,78.0,5,One year,DSL,64.15,318.9,1,No
C102711,2026-05-01,West,61.0,2,Month-to-month,DSL,42.75,81.19,2,Yes
C102712,2020-11-28,East,79.0,68,Month-to-month,DSL,57.52,3632.11,3,No
C102713,2023-05-17,North,48.0,38,Month-to-month,DSL,34.92,1238.48,1,Yes
C102714,2023-06-16,South,68.0,37,One year,DSL,49.47,1756.37,3,Yes
C102715,2023-09-14,West,57.0,34,Month-to-month,Fiber optic,50.0,1574.86,2,Yes
C102716,2023-11-13,West,50.0,32,One year,DSL,33.6,1050.98,2,Yes
C102717,2022-05-22,North,47.0,50,Month-to-month,DSL,44.93,2209.67,1,No
C102718,2023-01-17,South,49.0,42,Two year,Fiber optic,60.64,2455.08,0,No
C102719,2025-07-05,North,43.0,12,One year,Fiber optic,50.0,594.88,3,Yes
C102720,2022-09-19,South,57.0,46,Month-to-month,Fiber optic,59.0,2704.07,3,Yes
C102721,2022-06-21,West,48.0,49,Month-to-month,Fiber optic,68.96,3229.71,3,Yes
C102722,2025-10-03,East,78.0,9,Month-to-month,DSL,43.97,366.89,2,Yes
C102723,2024-03-12,South,73.0,28,Month-to-month,Fiber optic,65.73,1727.26,0,No
C102724,2021-10-24,South,46.0,57,Month-to-month,DSL,53.78,2981.49,1,No
C102725,2022-10-19,East,42.0,45,Two year,Fiber optic,60.88,2609.37,1,No
C102726,2025-09-03,East,65.0,10,One year,Fiber optic,81.31,792.61,0,No
C102727,2026-04-01,South,57.0,3,Month-to-month,Fiber optic,53.13,155.14,0,Yes
C102728,2023-01-17,South,32.0,42,One year,Fiber optic,88.14,3585.01,0,No
C102729,2023-09-14,West,69.0,34,Month-to-month,None,33.36,1057.82,0,No
C102730,2020-09-29,East,60.0,70,Two year,Fiber optic,60.73,4008.25,2,No
C102731,2023-05-17,West,56.0,38,Month-to-month,Fiber optic,61.53,2221.77,2,Yes
C102732,2020-11-28,West,66.0,68,One year,Fiber optic,67.48,4524.19,1,No
C102733,2025-03-07,South,32.0,16,One year,Fiber optic,72.18,1125.52,1,Yes
C102734,2023-10-14,West,67.0,33,Month-to-month,DSL,58.13,1863.8,0,No
C102735,2025-08-04,West,25.0,11,Month-to-month,DSL,30.0,321.34,3,Yes
C102736,2023-01-17,North,67.0,42,Month-to-month,Fiber optic,70.25,2833.24,2,Yes
C102737,2025-05-06,North,54.0,14,Two year,DSL,30.0,387.73,2,No
C102738,2023-07-16,North,54.0,36,Month-to-month,DSL,42.87,1444.69,1,Yes
C102739,2024-06-10,East,63.0,25,One year,None,37.45,871.86,1,No
C102740,2025-05-06,West,37.0,14,One year,DSL,30.0,388.55,0,No
C102741,2025-12-02,West,65.0,7,Two year,Fiber optic,50.0,330.95,2,No
C102742,2023-06-16,South,19.0,37,Month-to-month,DSL,47.65,1733.11,6,No
C102743,2020-10-29,East,61.0,69,Month-to-month,DSL,61.65,3952.72,1,No
C102744,2025-04-06,North,67.0,15,One year,DSL,48.9,681.36,0,No
C102745,2024-01-12,East,18.0,30,Month-to-month,None,5.0,139.49,1,No
C102746,2025-02-05,South,61.0,17,Two year,None,5.0,80.03,3,No
C102747,2021-08-25,West,65.0,59,Month-to-month,Fiber optic,66.17,3654.86,2,No
C102748,2024-01-12,West,50.0,30,Month-to-month,DSL,30.85,852.49,0,No
C102749,2020-08-30,East,55.0,71,Two year,DSL,46.64,3119.77,2,No
C102750,2025-01-06,East,21.0,18,Month-to-month,DSL,47.35,852.05,1,No
C102751,2026-01-01,West,79.0,6,Month-to-month,DSL,39.12,222.26,2,Yes
C102752,2023-01-17,South,77.0,42,Month-to-month,None,41.78,1644.04,2,No
C102753,2022-08-20,North,65.0,47,Month-to-month,DSL,52.09,2349.46,1,No
C102754,2020-07-31,East,18.0,72,Two year,DSL,59.54,4022.59,0,No
C102755,2021-04-27,South,44.0,63,Month-to-month,Fiber optic,76.05,4622.37,1,No
C102756,2021-03-28,East,68.0,64,Month-to-month,Fiber optic,63.2,3850.86,2,No
C102757,2022-09-19,West,59.0,46,Month-to-month,None,17.67,806.11,3,No
C102758,2024-05-11,East,74.0,26,Two year,DSL,41.43,1070.97,2,No
C102759,2023-12-13,South,56.0,31,Month-to-month,Fiber optic,73.17,2216.2,0,Yes
C102760,2025-09-03,East,62.0,10,Two year,None,12.2,114.35,0,Yes
C102761,2023-11-13,South,38.0,32,Two year,DSL,65.7,2013.91,1,No
C102762,2024-04-11,North,68.0,27,Month-to-month,DSL,36.05,919.26,3,Yes
C102763,2026-04-01,West,51.0,3,Two year,Fiber optic,67.57,199.44,0,No
C102764,2025-04-06,South,67.0,15,One year,DSL,42.25,584.53,2,No
C102765,2023-04-17,East,30.0,39,Month-to-month,Fiber optic,59.59,2261.26,1,Yes
C102766,2024-04-11,West,34.0,27,Month-to-month,Fiber optic,91.07,2325.76,1,No
C102767,2020-07-31,North,23.0,72,Two year,DSL,39.73,2741.79,0,No
C102768,2023-08-15,South,59.0,35,One year,None,16.34,540.93,2,No
C102769,2020-09-29,North,63.0,70,One year,Fiber optic,57.03,3789.23,3,No
C102770,2022-07-21,South,35.0,48,Two year,None,20.49,957.9,1,No
C102771,2026-04-01,South,41.0,3,Month-to-month,None,18.78,54.52,2,Yes
C102772,2025-04-06,West,53.0,15,Two year,Fiber optic,51.57,726.77,0,Yes
C102773,2022-04-22,South,64.0,51,Two year,Fiber optic,59.91,2821.64,1,No
C102774,2023-03-18,East,36.0,40,Month-to-month,DSL,52.32,2068.69,0,No
C102775,2024-09-08,North,48.0,22,Month-to-month,DSL,57.32,1209.82,1,No
C102776,2023-05-17,South,29.0,38,Month-to-month,Fiber optic,65.29,2405.34,3,Yes
C102777,2021-01-27,West,68.0,66,Two year,DSL,45.71,2893.41,2,No
C102778,2024-03-12,East,72.0,28,Month-to-month,DSL,40.67,1104.05,2,Yes
C102779,2026-03-02,South,63.0,4,One year,DSL,38.97,151.23,1,No
C102780,2024-08-09,West,68.0,23,Month-to-month,DSL,33.97,719.75,1,No
C102781,2020-11-28,West,65.0,68,Month-to-month,Fiber optic,50.0,3273.05,3,No
C102782,2021-12-23,South,69.0,55,One year,Fiber optic,56.57,2987.42,2,No
C102783,2021-06-26,West,44.0,61,Month-to-month,Fiber optic,75.85,4292.17,0,Yes
C102784,2021-01-27,North,30.0,66,Two year,None,14.91,964.05,2,No
C102785,2025-10-03,South,77.0,9,Month-to-month,None,15.85,133.93,0,Yes
C102786,2024-10-08,West,18.0,21,Two year,DSL,40.61,788.31,0,No
C102787,2026-01-31,West,43.0,5,Month-to-month,Fiber optic,79.94,393.41,0,No
C102788,2026-05-31,West,63.0,1,Two year,DSL,33.86,33.49,2,Yes
C102789,2021-06-26,North,67.0,61,One year,Fiber optic,68.32,3914.37,1,No
C102790,2020-11-28,North,60.0,68,Month-to-month,Fiber optic,64.18,4255.15,3,No
C102791,2025-07-05,East,48.0,12,Month-to-month,Fiber optic,65.82,726.97,1,Yes
C102792,2022-03-23,North,75.0,52,Month-to-month,DSL,47.93,2436.76,1,No
C102793,2023-04-17,West,32.0,39,One year,Fiber optic,65.69,2452.22,2,No
C102794,2026-01-31,West,26.0,5,Two year,DSL,54.52,268.07,4,Yes
C102795,2021-01-27,West,56.0,66,Month-to-month,None,19.65,1233.93,2,No
C102796,2021-04-27,West,37.0,63,Month-to-month,DSL,65.93,3937.96,2,No
C102797,2023-02-16,North,47.0,41,One year,Fiber optic,65.53,2652.51,4,Yes
C102798,2022-04-22,West,46.0,51,Month-to-month,None,5.0,235.39,1,No
C102799,2024-02-11,South,34.0,29,One year,DSL,52.66,1427.83,5,No
C102800,2021-09-24,North,79.0,58,Month-to-month,DSL,49.71,2747.58,2,No
C102801,2023-10-14,South,41.0,33,One year,DSL,45.39,1449.5,0,No
C102802,2020-07-31,West,59.0,72,Two year,None,16.89,1119.29,0,No
C102803,2026-01-31,West,27.0,5,Month-to-month,DSL,30.0,144.9,1,Yes
C102804,2025-06-05,East,79.0,13,Month-to-month,DSL,30.0,370.61,1,No
C102805,2020-09-29,North,79.0,70,Month-to-month,DSL,64.77,4399.7,5,Yes
C102806,2024-10-08,East,22.0,21,One year,Fiber optic,57.97,1208.31,0,No
C102807,2024-08-09,East,57.0,23,Month-to-month,DSL,56.59,1243.35,0,No
C102808,2021-10-24,East,54.0,57,Two year,Fiber optic,50.0,2748.44,0,Yes
C102809,2025-05-06,South,28.0,14,One year,Fiber optic,52.44,702.61,1,No
C102810,2023-06-16,North,65.0,37,Month-to-month,Fiber optic,73.14,2515.34,2,No
C102811,2024-10-08,South,65.0,21,One year,Fiber optic,63.77,1317.01,7,Yes
C102812,2025-04-06,West,70.0,15,Month-to-month,Fiber optic,71.45,1061.91,2,Yes
C102813,2020-09-29,South,55.0,70,Two year,DSL,44.84,3091.46,0,No
C102814,2025-04-06,North,61.0,15,Month-to-month,Fiber optic,62.51,933.72,0,Yes
C102815,2025-12-02,South,62.0,7,One year,Fiber optic,56.84,380.95,1,Yes
C102816,2022-06-21,South,65.0,49,Two year,None,5.67,270.1,2,No
C102817,2021-04-27,East,54.0,63,One year,None,36.83,2165.91,1,No
C102818,2025-09-03,East,64.0,10,Two year,DSL,63.81,636.92,1,No
C102819,2022-04-22,South,21.0,51,Month-to-month,Fiber optic,52.54,2589.63,1,No
C102820,2023-04-17,North,56.0,39,Two year,Fiber optic,51.75,1899.04,5,No
C102821,2021-07-26,South,30.0,60,One year,Fiber optic,60.83,3592.97,0,No
C102822,2025-09-03,North,43.0,10,One year,Fiber optic,69.09,668.04,3,Yes
C102823,2020-08-30,East,65.0,71,Month-to-month,None,17.82,1260.13,1,No
C102824,2022-10-19,South,25.0,45,Month-to-month,DSL,50.99,2252.33,1,No
C102825,2021-06-26,South,64.0,61,One year,Fiber optic,64.41,3890.43,1,No
C102826,2024-04-11,East,34.0,27,Month-to-month,None,18.62,484.51,0,No
C102827,2020-11-28,West,64.0,68,One year,Fiber optic,93.96,6142.56,1,No
C102828,2022-09-19,South,65.0,46,Two year,Fiber optic,58.7,2647.78,1,No
C102829,2025-09-03,East,18.0,10,Two year,Fiber optic,84.68,786.17,2,No
C102830,2020-12-28,East,32.0,67,Month-to-month,Fiber optic,82.36,5100.52,1,No
C102831,2021-09-24,East,67.0,58,Two year,None,26.05,1508.93,4,No
C102832,2024-09-08,South,39.0,22,Month-to-month,Fiber optic,50.0,1092.63,1,Yes
C102833,2023-03-18,North,45.0,40,Month-to-month,DSL,45.37,1808.36,1,No
C102834,2024-03-12,North,18.0,28,Two year,Fiber optic,58.82,1523.42,1,Yes
C102835,2023-03-18,North,61.0,40,Month-to-month,None,20.24,762.27,5,Yes
C102836,2020-09-29,North,23.0,70,Month-to-month,DSL,32.24,2239.02,1,No
C102837,2021-02-26,West,34.0,65,Month-to-month,DSL,54.08,3259.15,3,No
C102838,2025-03-07,North,47.0,16,Month-to-month,Fiber optic,76.82,1175.18,1,Yes
C102839,2020-09-29,West,65.0,70,Two year,None,34.04,2257.23,2,No
C102840,2023-11-13,West,48.0,32,Month-to-month,DSL,40.41,1280.69,2,No
C102841,2022-04-22,North,78.0,51,Month-to-month,Fiber optic,52.29,2563.97,0,No
C102842,2021-11-23,South,50.0,56,One year,None,24.22,1279.32,5,No
C102843,2023-08-15,South,33.0,35,Month-to-month,Fiber optic,86.07,2897.81,3,Yes
C102844,2023-10-14,South,29.0,33,One year,Fiber optic,65.83,2018.14,0,No
C102845,2023-10-14,South,66.0,33,Two year,DSL,50.43,1628.4,0,No
C102846,2021-04-27,South,46.0,63,One year,Fiber optic,62.18,3797.73,2,No
C102847,2024-03-12,East,55.0,28,Two year,DSL,38.96,1056.03,3,No
C102848,2024-10-08,South,40.0,21,Month-to-month,Fiber optic,72.9,1462.05,4,Yes
C102849,2024-04-11,North,34.0,27,Two year,Fiber optic,63.73,1623.56,0,Yes
C102850,2025-04-06,South,55.0,15,Month-to-month,Fiber optic,69.84,969.27,2,Yes
C102851,2024-02-11,West,36.0,29,Month-to-month,Fiber optic,71.09,2052.87,3,No
C102852,2025-10-03,West,79.0,9,One year,None,24.17,207.38,2,No
C102853,2025-12-02,North,63.0,7,Month-to-month,DSL,51.69,347.24,0,No
C102854,2022-02-21,East,68.0,53,Two year,DSL,34.76,1750.28,2,No
C102855,2026-01-01,West,35.0,6,One year,Fiber optic,54.03,323.87,1,Yes
C102856,2023-02-16,North,19.0,41,Two year,DSL,44.49,1794.35,2,No
C102857,2021-10-24,North,20.0,57,Month-to-month,Fiber optic,64.78,3425.35,0,No
C102858,2022-02-21,North,71.0,53,Month-to-month,Fiber optic,58.73,3015.12,1,No
C102859,2023-10-14,South,72.0,33,One year,DSL,47.89,1515.21,1,No
C102860,2025-05-06,West,60.0,14,Month-to-month,DSL,55.9,769.66,0,No
C102861,2020-11-28,South,54.0,68,Month-to-month,DSL,59.25,4028.13,1,Yes
C102862,2021-06-26,South,30.0,61,One year,None,36.95,2207.84,3,No
C102863,2022-10-19,South,65.0,45,Two year,DSL,30.0,1335.41,2,No
C102864,2025-12-02,South,50.0,7,One year,Fiber optic,51.04,343.06,5,Yes
C102865,2026-04-01,West,55.0,3,Month-to-month,Fiber optic,61.52,175.31,1,No
C102866,2024-08-09,North,19.0,23,Month-to-month,Fiber optic,65.96,1473.79,4,Yes
C102867,2025-07-05,South,50.0,12,One year,DSL,42.14,495.54,1,Yes
C102868,2021-05-27,East,61.0,62,Month-to-month,None,13.37,777.71,2,No
C102869,2025-04-06,North,65.0,15,Month-to-month,None,16.35,235.51,2,No
C102870,2024-10-08,North,27.0,21,Month-to-month,Fiber optic,70.8,1381.39,3,Yes
C102871,2020-08-30,West,19.0,71,Month-to-month,None,5.0,332.74,0,No
C102872,2021-08-25,South,71.0,59,Month-to-month,DSL,73.12,4273.31,0,No
C102873,2025-03-07,North,37.0,16,Month-to-month,DSL,45.25,674.46,1,No
C102874,2024-03-12,South,47.0,28,One year,DSL,57.61,1588.74,2,No
C102875,2023-05-17,North,56.0,38,Month-to-month,Fiber optic,58.04,2094.82,2,Yes
C102876,2022-07-21,North,48.0,48,One year,Fiber optic,71.89,3357.83,1,No
C102877,2020-11-28,North,76.0,68,Month-to-month,None,21.2,1431.26,2,No
C102878,2021-04-27,East,70.0,63,Two year,Fiber optic,75.28,4659.51,2,No
C102879,2020-08-30,South,42.0,71,Month-to-month,Fiber optic,62.62,4384.11,2,Yes
C102880,2026-04-01,South,29.0,3,Month-to-month,Fiber optic,83.62,236.03,2,No
C102881,2025-01-06,West,78.0,18,Month-to-month,Fiber optic,50.0,854.04,3,Yes
C102882,2023-02-16,South,61.0,41,Month-to-month,None,31.39,1259.48,0,No
C102883,2026-03-02,North,64.0,4,Month-to-month,Fiber optic,66.42,260.95,2,Yes
C102884,2024-05-11,North,46.0,26,Two year,Fiber optic,52.78,1349.23,2,No
C102885,2025-07-05,East,48.0,12,Two year,DSL,68.42,803.97,3,Yes
C102886,2020-11-28,East,29.0,68,Month-to-month,DSL,67.18,4287.43,3,Yes
C102887,2026-01-31,South,44.0,5,Month-to-month,Fiber optic,50.0,235.78,3,Yes
C102888,2025-08-04,North,51.0,11,One year,Fiber optic,67.12,734.9,1,No
C102889,2025-04-06,North,26.0,15,One year,Fiber optic,73.47,1062.72,3,No
C102890,2025-08-04,South,57.0,11,Month-to-month,Fiber optic,70.3,758.11,1,No
C102891,2023-02-16,East,56.0,41,One year,Fiber optic,83.19,3301.43,1,No
C102892,2024-04-11,East,70.0,27,Month-to-month,Fiber optic,80.69,2165.47,2,Yes
C102893,2021-01-27,East,21.0,66,One year,DSL,48.18,3146.5,0,No
C102894,2024-12-07,North,31.0,19,Month-to-month,None,47.33,846.13,1,No
C102895,2023-04-17,East,44.0,39,Month-to-month,None,31.24,1207.12,1,No
C102896,2022-07-21,West,72.0,48,Month-to-month,Fiber optic,60.78,2754.07,1,Yes
C102897,2022-09-19,North,32.0,46,One year,Fiber optic,58.37,2564.94,2,No
C102898,2021-09-24,East,78.0,58,Month-to-month,None,34.92,2001.26,1,No
C102899,2025-04-06,North,77.0,15,One year,DSL,35.48,503.42,1,No
C102900,2023-06-16,West,23.0,37,One year,DSL,40.08,1398.82,1,No
C102901,2021-09-24,East,40.0,58,One year,Fiber optic,62.13,3508.02,2,No
C102902,2021-04-27,East,34.0,63,Month-to-month,Fiber optic,69.27,4363.9,1,No
C102903,2022-10-19,East,48.0,45,Month-to-month,DSL,42.68,1787.09,3,No
C102904,2022-08-20,East,75.0,47,Month-to-month,DSL,30.0,1376.28,5,No
C102905,2021-04-27,South,41.0,63,One year,Fiber optic,78.94,4785.02,2,No
C102906,2022-10-19,West,59.0,45,Two year,None,15.15,649.61,2,No
C102907,2020-10-29,North,26.0,69,Month-to-month,DSL,69.24,4681.95,1,No
C102908,2025-09-03,West,53.0,10,Two year,DSL,48.65,469.17,0,No
C102909,2024-05-11,West,39.0,26,Month-to-month,Fiber optic,80.21,2051.73,3,Yes
C102910,2025-10-03,West,74.0,9,Month-to-month,DSL,52.57,463.43,1,No
C102911,2025-12-02,North,66.0,7,Month-to-month,DSL,60.78,,2,No
C102912,2023-09-14,South,31.0,34,One year,Fiber optic,71.84,2405.6,0,No
C102913,2025-02-05,East,56.0,17,Month-to-month,DSL,47.82,752.25,0,No
C102914,2024-01-12,East,39.0,30,Month-to-month,DSL,58.12,1712.85,3,No
C102915,2023-11-13,East,45.0,32,One year,None,49.83,1549.87,1,No
C102916,2022-10-19,East,46.0,45,Month-to-month,Fiber optic,61.76,2576.83,1,Yes
C102917,2020-10-29,North,68.0,69,Month-to-month,None,29.54,1973.93,4,No
C102918,2021-05-27,West,35.0,62,Month-to-month,DSL,44.94,2730.73,2,No
C102919,2024-03-12,South,18.0,28,Month-to-month,Fiber optic,71.07,1862.16,2,Yes
C102920,2024-07-10,West,29.0,24,Month-to-month,Fiber optic,65.51,1501.16,2,Yes
C102921,2021-11-23,East,69.0,56,Month-to-month,Fiber optic,50.0,2697.52,1,No
C102922,2025-10-03,East,36.0,9,One year,Fiber optic,62.6,536.95,0,No
C102923,2023-04-17,East,21.0,39,Month-to-month,DSL,56.99,2200.56,0,No
C102924,2023-12-13,West,42.0,31,One year,DSL,35.82,1036.59,1,No
C102925,2025-05-06,West,71.0,14,Month-to-month,Fiber optic,76.05,1045.24,1,Yes
C102926,2022-10-19,East,72.0,45,Month-to-month,None,22.2,981.27,0,No
C102927,2024-07-10,East,76.0,24,Month-to-month,Fiber optic,62.7,1438.35,0,Yes
C102928,2025-05-06,North,60.0,14,Month-to-month,DSL,55.87,753.36,1,No
C102929,2022-07-21,North,68.0,48,Month-to-month,None,28.17,1260.6,0,No
C102930,2025-06-05,East,65.0,13,Month-to-month,None,25.05,304.68,3,Yes
C102931,2022-06-21,South,19.0,49,Two year,DSL,57.19,2697.32,3,No
C102932,2025-07-05,South,43.0,12,Two year,DSL,47.44,533.97,1,No
C102933,2023-11-13,East,50.0,32,Month-to-month,Fiber optic,50.0,1575.23,1,Yes
C102934,2021-08-25,North,46.0,59,One year,Fiber optic,60.46,3457.62,1,No
C102935,2025-02-05,South,69.0,17,One year,Fiber optic,50.0,785.85,0,No
C102936,2021-11-23,North,78.0,56,Two year,Fiber optic,72.89,3872.16,0,No
C102937,2022-03-23,West,51.0,52,Month-to-month,Fiber optic,75.75,3894.39,1,Yes
C102938,2021-02-26,East,23.0,65,Month-to-month,Fiber optic,76.3,4672.82,1,Yes
C102939,2025-06-05,North,40.0,13,Month-to-month,None,25.87,328.77,4,No
C102940,2022-03-23,East,30.0,52,Month-to-month,None,31.62,1525.04,3,No
C102941,2020-11-28,North,47.0,68,Month-to-month,DSL,30.0,2028.66,1,No
C102942,2021-12-23,West,32.0,55,Two year,DSL,43.71,2298.15,1,No
C102943,2025-05-06,North,23.0,14,Two year,Fiber optic,50.0,671.53,0,No
C102944,2021-07-26,South,28.0,60,Month-to-month,Fiber optic,60.7,3516.67,4,No
C102945,2025-11-02,West,48.0,8,Month-to-month,DSL,64.4,488.96,2,No
C102946,2022-12-18,East,26.0,43,Month-to-month,DSL,58.12,2444.24,0,No
C102947,2023-07-16,East,19.0,36,Month-to-month,Fiber optic,72.95,2419.17,3,No
C102948,2023-04-17,East,35.0,39,One year,DSL,42.82,1558.05,0,No
C102949,2023-05-17,East,57.0,38,Month-to-month,DSL,33.08,1175.47,0,No
C102950,2026-04-01,North,57.0,3,Two year,Fiber optic,67.24,195.84,2,Yes
C102951,2023-06-16,South,42.0,37,Two year,Fiber optic,78.33,2872.85,0,No
C102952,2020-11-28,West,59.0,68,One year,Fiber optic,69.92,4398.4,1,No
C102953,2023-11-13,West,29.0,32,One year,DSL,30.0,948.67,2,No
C102954,2024-11-07,East,62.0,20,Month-to-month,None,21.26,419.06,2,No
C102955,2020-07-31,West,19.0,72,Month-to-month,DSL,30.0,2000.44,2,No
C102956,2025-11-02,West,26.0,8,Month-to-month,DSL,54.65,407.23,0,Yes
C102957,2023-07-16,South,75.0,36,One year,DSL,36.68,1251.82,0,No
C102958,2023-06-16,East,47.0,37,Month-to-month,Fiber optic,50.32,1729.97,1,No
C102959,2023-08-15,West,52.0,35,Two year,DSL,54.82,1881.6,2,No
C102960,2020-12-28,North,42.0,67,Month-to-month,DSL,51.71,3327.12,2,No
C102961,2023-12-13,West,58.0,31,Month-to-month,DSL,47.79,1411.65,0,No
C102962,2020-08-30,South,64.0,71,Month-to-month,Fiber optic,91.3,6339.66,3,Yes
C102963,2026-01-31,South,66.0,5,Two year,None,27.62,130.29,1,No
C102964,2022-02-21,South,33.0,53,Month-to-month,None,12.26,643.1,0,Yes
C102965,2022-12-18,South,56.0,43,Month-to-month,Fiber optic,71.23,2978.1,1,Yes
C102966,2025-01-06,South,66.0,18,Month-to-month,Fiber optic,61.57,1050.32,1,No
C102967,2025-02-05,East,43.0,17,One year,Fiber optic,80.2,1313.21,1,No
C102968,2022-03-23,West,41.0,52,Two year,DSL,48.37,2366.23,1,No
C102969,2022-09-19,South,56.0,46,Month-to-month,DSL,49.56,2277.02,3,Yes
C102970,2022-10-19,North,53.0,45,Two year,Fiber optic,50.0,2148.41,2,No
C102971,2026-03-02,West,33.0,4,Month-to-month,DSL,45.74,181.45,2,No
C102972,2022-11-18,South,77.0,44,One year,Fiber optic,64.32,2825.1,3,No
C102973,2020-08-30,East,52.0,71,Month-to-month,DSL,32.71,2236.16,2,No
C102974,2026-05-01,South,52.0,2,Month-to-month,Fiber optic,62.34,121.99,2,Yes
C102975,2023-09-14,North,30.0,34,One year,DSL,50.23,1649.38,1,No
C102976,2023-07-16,South,59.0,36,Month-to-month,DSL,44.95,1500.6,0,No
C102977,2021-02-26,South,74.0,65,Month-to-month,Fiber optic,50.0,3237.63,4,No
C102978,2024-10-08,West,63.0,21,Two year,Fiber optic,61.72,1239.78,4,No
C102979,2023-08-15,East,49.0,35,Two year,None,14.38,499.03,1,No
C102980,2022-03-23,East,57.0,52,Month-to-month,DSL,47.32,2392.85,2,No
C102981,2026-01-31,North,32.0,5,One year,None,21.03,97.62,2,Yes
C102982,2021-09-24,North,21.0,58,One year,DSL,40.06,2215.12,6,Yes
C102983,2021-07-26,South,57.0,60,Month-to-month,DSL,39.59,2222.59,3,No
C102984,2022-03-23,West,29.0,52,Two year,Fiber optic,65.81,3194.85,0,No
C102985,2022-08-20,North,23.0,47,Month-to-month,DSL,56.56,2597.73,3,Yes
C102986,2022-01-22,West,66.0,54,One year,Fiber optic,68.34,3403.99,0,No
C102987,2021-10-24,West,44.0,57,Month-to-month,Fiber optic,82.08,4665.89,2,No
C102988,2021-01-27,South,70.0,66,Month-to-month,Fiber optic,78.6,4959.31,0,Yes
C102989,2023-12-13,North,71.0,31,Month-to-month,Fiber optic,82.96,2466.78,2,No
C102990,2023-10-14,North,25.0,33,Month-to-month,None,36.42,1134.5,0,No
C102991,2022-09-19,North,65.0,46,Two year,None,38.76,1652.54,2,No
C102992,2025-05-06,West,38.0,14,Two year,DSL,31.16,421.87,1,No
C102993,2021-05-27,West,61.0,62,Month-to-month,Fiber optic,72.77,4275.24,2,Yes
C102994,2021-11-23,East,20.0,56,Month-to-month,None,34.62,1880.41,2,No
C102995,2022-09-19,North,47.0,46,Month-to-month,DSL,61.79,2741.33,1,No
C102996,2024-09-08,West,56.0,22,Month-to-month,Fiber optic,55.75,1149.66,3,Yes
C102997,2024-05-11,East,45.0,26,Month-to-month,DSL,52.89,1315.92,3,Yes
C102998,2023-11-13,West,52.0,32,Two year,DSL,45.9,1387.49,2,No
C102999,2022-07-21,South,18.0,48,One year,Fiber optic,87.16,3929.22,2,No
